title,link,views,duration,thumbnails,comments
Mitosis: Splitting Up is Complicated - Crash Course Biology #12,https://www.youtube.com/watch?v=ylOpide9dus&list=PL8dPuuaLjXtOVe7Q88hA-IJ1l6BkzxxDC&index=100&pp=iAQB,6.7M views,12 years ago,https://i.ytimg.com/vi/cj8dDTHGJBY/hqdefault.jpg?sqp=-oaymwEbCKgBEF5IVfKriqkDDggBFQAAiEIYAXABwAEG&rs=AOn4CLCuE6w2jPO33JC4DHb-hoDbQN-sAQ,"I watched this in my hs bio class to prepare for tests like 4 years ago, now I'm in college and I'm back for round 2"
Mitosis: Splitting Up is Complicated - Crash Course Biology #12,https://www.youtube.com/watch?v=ylOpide9dus&list=PL8dPuuaLjXtOVe7Q88hA-IJ1l6BkzxxDC&index=100&pp=iAQB,6.7M views,12 years ago,https://i.ytimg.com/vi/cj8dDTHGJBY/hqdefault.jpg?sqp=-oaymwEbCKgBEF5IVfKriqkDDggBFQAAiEIYAXABwAEG&rs=AOn4CLCuE6w2jPO33JC4DHb-hoDbQN-sAQ,"prophase: prepare
metaphase: middle
anaphase: apart 
telophase: two (as in two pairs of chromosomes)"
Mitosis: Splitting Up is Complicated - Crash Course Biology #12,https://www.youtube.com/watch?v=ylOpide9dus&list=PL8dPuuaLjXtOVe7Q88hA-IJ1l6BkzxxDC&index=100&pp=iAQB,6.7M views,12 years ago,https://i.ytimg.com/vi/cj8dDTHGJBY/hqdefault.jpg?sqp=-oaymwEbCKgBEF5IVfKriqkDDggBFQAAiEIYAXABwAEG&rs=AOn4CLCuE6w2jPO33JC4DHb-hoDbQN-sAQ,I wish I had a dollar every time my cell divides
Mitosis: Splitting Up is Complicated - Crash Course Biology #12,https://www.youtube.com/watch?v=ylOpide9dus&list=PL8dPuuaLjXtOVe7Q88hA-IJ1l6BkzxxDC&index=100&pp=iAQB,6.7M views,12 years ago,https://i.ytimg.com/vi/cj8dDTHGJBY/hqdefault.jpg?sqp=-oaymwEbCKgBEF5IVfKriqkDDggBFQAAiEIYAXABwAEG&rs=AOn4CLCuE6w2jPO33JC4DHb-hoDbQN-sAQ,"""maybe someday, i'll do a biolo-graphy about you"" is the most inspirational thing i've ever heard"
Mitosis: Splitting Up is Complicated - Crash Course Biology #12,https://www.youtube.com/watch?v=ylOpide9dus&list=PL8dPuuaLjXtOVe7Q88hA-IJ1l6BkzxxDC&index=100&pp=iAQB,6.7M views,12 years ago,https://i.ytimg.com/vi/cj8dDTHGJBY/hqdefault.jpg?sqp=-oaymwEbCKgBEF5IVfKriqkDDggBFQAAiEIYAXABwAEG&rs=AOn4CLCuE6w2jPO33JC4DHb-hoDbQN-sAQ,2 hours of teaching and understanding my teachers failed to do was accomplished by you in 10 minutes
Mitosis: Splitting Up is Complicated - Crash Course Biology #12,https://www.youtube.com/watch?v=ylOpide9dus&list=PL8dPuuaLjXtOVe7Q88hA-IJ1l6BkzxxDC&index=100&pp=iAQB,6.7M views,12 years ago,https://i.ytimg.com/vi/cj8dDTHGJBY/hqdefault.jpg?sqp=-oaymwEbCKgBEF5IVfKriqkDDggBFQAAiEIYAXABwAEG&rs=AOn4CLCuE6w2jPO33JC4DHb-hoDbQN-sAQ,guess we are all bio students whos got their exam coming tomorrow.
Mitosis: Splitting Up is Complicated - Crash Course Biology #12,https://www.youtube.com/watch?v=ylOpide9dus&list=PL8dPuuaLjXtOVe7Q88hA-IJ1l6BkzxxDC&index=100&pp=iAQB,6.7M views,12 years ago,https://i.ytimg.com/vi/cj8dDTHGJBY/hqdefault.jpg?sqp=-oaymwEbCKgBEF5IVfKriqkDDggBFQAAiEIYAXABwAEG&rs=AOn4CLCuE6w2jPO33JC4DHb-hoDbQN-sAQ,When you’re watching this in 2020 and you realize it’s from 2012
Mitosis: Splitting Up is Complicated - Crash Course Biology #12,https://www.youtube.com/watch?v=ylOpide9dus&list=PL8dPuuaLjXtOVe7Q88hA-IJ1l6BkzxxDC&index=100&pp=iAQB,6.7M views,12 years ago,https://i.ytimg.com/vi/cj8dDTHGJBY/hqdefault.jpg?sqp=-oaymwEbCKgBEF5IVfKriqkDDggBFQAAiEIYAXABwAEG&rs=AOn4CLCuE6w2jPO33JC4DHb-hoDbQN-sAQ,"All the comments from 3 years ago, while I’m here in 2019 bc I’m writing my exam tomorrow"
Mitosis: Splitting Up is Complicated - Crash Course Biology #12,https://www.youtube.com/watch?v=ylOpide9dus&list=PL8dPuuaLjXtOVe7Q88hA-IJ1l6BkzxxDC&index=100&pp=iAQB,6.7M views,12 years ago,https://i.ytimg.com/vi/cj8dDTHGJBY/hqdefault.jpg?sqp=-oaymwEbCKgBEF5IVfKriqkDDggBFQAAiEIYAXABwAEG&rs=AOn4CLCuE6w2jPO33JC4DHb-hoDbQN-sAQ,Shout out to everyone cramming for tomorrow! Good luck!
Mitosis: Splitting Up is Complicated - Crash Course Biology #12,https://www.youtube.com/watch?v=ylOpide9dus&list=PL8dPuuaLjXtOVe7Q88hA-IJ1l6BkzxxDC&index=100&pp=iAQB,6.7M views,12 years ago,https://i.ytimg.com/vi/cj8dDTHGJBY/hqdefault.jpg?sqp=-oaymwEbCKgBEF5IVfKriqkDDggBFQAAiEIYAXABwAEG&rs=AOn4CLCuE6w2jPO33JC4DHb-hoDbQN-sAQ,"1. Mitosis 0:24
2. Interphase 3:27
a) Chromatin 3:37
b) Centrosomes 3:52
3) Prophase 
a) Chromosomes 
b) Chromatid 
c) Microtubules 
4) Metaphase 
a) Motor Proteins 
5) Biolography 
6) Anaphase 
7) Telophase 
8) Cleavage 
9) Cytokinesis "
Mitosis: Splitting Up is Complicated - Crash Course Biology #12,https://www.youtube.com/watch?v=ylOpide9dus&list=PL8dPuuaLjXtOVe7Q88hA-IJ1l6BkzxxDC&index=100&pp=iAQB,6.7M views,12 years ago,https://i.ytimg.com/vi/cj8dDTHGJBY/hqdefault.jpg?sqp=-oaymwEbCKgBEF5IVfKriqkDDggBFQAAiEIYAXABwAEG&rs=AOn4CLCuE6w2jPO33JC4DHb-hoDbQN-sAQ,"I watched this vid before my AP Bio exam in high school, and 2 years later im watching it again for my college biology class
 THANK YOU HANK AND YALL GOT THIS!!!"
Mitosis: Splitting Up is Complicated - Crash Course Biology #12,https://www.youtube.com/watch?v=ylOpide9dus&list=PL8dPuuaLjXtOVe7Q88hA-IJ1l6BkzxxDC&index=100&pp=iAQB,6.7M views,12 years ago,https://i.ytimg.com/vi/cj8dDTHGJBY/hqdefault.jpg?sqp=-oaymwEbCKgBEF5IVfKriqkDDggBFQAAiEIYAXABwAEG&rs=AOn4CLCuE6w2jPO33JC4DHb-hoDbQN-sAQ,These videos are the only reason I actually understand Biology
Mitosis: Splitting Up is Complicated - Crash Course Biology #12,https://www.youtube.com/watch?v=ylOpide9dus&list=PL8dPuuaLjXtOVe7Q88hA-IJ1l6BkzxxDC&index=100&pp=iAQB,6.7M views,12 years ago,https://i.ytimg.com/vi/cj8dDTHGJBY/hqdefault.jpg?sqp=-oaymwEbCKgBEF5IVfKriqkDDggBFQAAiEIYAXABwAEG&rs=AOn4CLCuE6w2jPO33JC4DHb-hoDbQN-sAQ,"I remember the different phases like this:
Prophase: Pro- 1- first phase
Metaphase- M, Meet, where they meet in the middle
Anaphase- A, Apart, where they're pulled apart
Telophase- T, Terminal, the final stage"
Mitosis: Splitting Up is Complicated - Crash Course Biology #12,https://www.youtube.com/watch?v=ylOpide9dus&list=PL8dPuuaLjXtOVe7Q88hA-IJ1l6BkzxxDC&index=100&pp=iAQB,6.7M views,12 years ago,https://i.ytimg.com/vi/cj8dDTHGJBY/hqdefault.jpg?sqp=-oaymwEbCKgBEF5IVfKriqkDDggBFQAAiEIYAXABwAEG&rs=AOn4CLCuE6w2jPO33JC4DHb-hoDbQN-sAQ,"Easy way to remember Prophase, Metaphase, Anaphase, and Telophase.

Please (P)  Make (M) Another (A)  Twin (T)"
Mitosis: Splitting Up is Complicated - Crash Course Biology #12,https://www.youtube.com/watch?v=ylOpide9dus&list=PL8dPuuaLjXtOVe7Q88hA-IJ1l6BkzxxDC&index=100&pp=iAQB,6.7M views,12 years ago,https://i.ytimg.com/vi/cj8dDTHGJBY/hqdefault.jpg?sqp=-oaymwEbCKgBEF5IVfKriqkDDggBFQAAiEIYAXABwAEG&rs=AOn4CLCuE6w2jPO33JC4DHb-hoDbQN-sAQ,Watching it 10 years later seems so nostalgic. Thank you for all you do CC!
Mitosis: Splitting Up is Complicated - Crash Course Biology #12,https://www.youtube.com/watch?v=ylOpide9dus&list=PL8dPuuaLjXtOVe7Q88hA-IJ1l6BkzxxDC&index=100&pp=iAQB,6.7M views,12 years ago,https://i.ytimg.com/vi/cj8dDTHGJBY/hqdefault.jpg?sqp=-oaymwEbCKgBEF5IVfKriqkDDggBFQAAiEIYAXABwAEG&rs=AOn4CLCuE6w2jPO33JC4DHb-hoDbQN-sAQ,Stop reading the comments you've got a test tomorrow morning!
Mitosis: Splitting Up is Complicated - Crash Course Biology #12,https://www.youtube.com/watch?v=ylOpide9dus&list=PL8dPuuaLjXtOVe7Q88hA-IJ1l6BkzxxDC&index=100&pp=iAQB,6.7M views,12 years ago,https://i.ytimg.com/vi/cj8dDTHGJBY/hqdefault.jpg?sqp=-oaymwEbCKgBEF5IVfKriqkDDggBFQAAiEIYAXABwAEG&rs=AOn4CLCuE6w2jPO33JC4DHb-hoDbQN-sAQ,You teach this waaaay better than my teacher did. Thank you!
Mitosis: Splitting Up is Complicated - Crash Course Biology #12,https://www.youtube.com/watch?v=ylOpide9dus&list=PL8dPuuaLjXtOVe7Q88hA-IJ1l6BkzxxDC&index=100&pp=iAQB,6.7M views,12 years ago,https://i.ytimg.com/vi/cj8dDTHGJBY/hqdefault.jpg?sqp=-oaymwEbCKgBEF5IVfKriqkDDggBFQAAiEIYAXABwAEG&rs=AOn4CLCuE6w2jPO33JC4DHb-hoDbQN-sAQ,I got a History exam on the 27th and a bio exam on 28th. Gonna binge watch crash course.
Mitosis: Splitting Up is Complicated - Crash Course Biology #12,https://www.youtube.com/watch?v=ylOpide9dus&list=PL8dPuuaLjXtOVe7Q88hA-IJ1l6BkzxxDC&index=100&pp=iAQB,6.7M views,12 years ago,https://i.ytimg.com/vi/cj8dDTHGJBY/hqdefault.jpg?sqp=-oaymwEbCKgBEF5IVfKriqkDDggBFQAAiEIYAXABwAEG&rs=AOn4CLCuE6w2jPO33JC4DHb-hoDbQN-sAQ,I've stopped watching my normal assigned videos and started just watching relevant Crash Course episodes. Go Hank!
Mitosis: Splitting Up is Complicated - Crash Course Biology #12,https://www.youtube.com/watch?v=ylOpide9dus&list=PL8dPuuaLjXtOVe7Q88hA-IJ1l6BkzxxDC&index=100&pp=iAQB,6.7M views,12 years ago,https://i.ytimg.com/vi/cj8dDTHGJBY/hqdefault.jpg?sqp=-oaymwEbCKgBEF5IVfKriqkDDggBFQAAiEIYAXABwAEG&rs=AOn4CLCuE6w2jPO33JC4DHb-hoDbQN-sAQ,"When james charles stubs his toe ""Mitosis!"""
Meiosis: Where the Sex Starts - Crash Course Biology #13,https://www.youtube.com/watch?v=ylOpide9dus&list=PL8dPuuaLjXtOVe7Q88hA-IJ1l6BkzxxDC&index=100&pp=iAQB,5.1M views,12 years ago,https://i.ytimg.com/vi/cj8dDTHGJBY/hqdefault.jpg?sqp=-oaymwEbCKgBEF5IVfKriqkDDggBFQAAiEIYAXABwAEG&rs=AOn4CLCuE6w2jPO33JC4DHb-hoDbQN-sAQ,"I find it funny that instead of having a picture of john, they just filmed him standing there, silently, not moving for like a good 30 seconds."
Meiosis: Where the Sex Starts - Crash Course Biology #13,https://www.youtube.com/watch?v=ylOpide9dus&list=PL8dPuuaLjXtOVe7Q88hA-IJ1l6BkzxxDC&index=100&pp=iAQB,5.1M views,12 years ago,https://i.ytimg.com/vi/cj8dDTHGJBY/hqdefault.jpg?sqp=-oaymwEbCKgBEF5IVfKriqkDDggBFQAAiEIYAXABwAEG&rs=AOn4CLCuE6w2jPO33JC4DHb-hoDbQN-sAQ,i like how he brings his brother on just to roast him on his genetic traits .
Meiosis: Where the Sex Starts - Crash Course Biology #13,https://www.youtube.com/watch?v=ylOpide9dus&list=PL8dPuuaLjXtOVe7Q88hA-IJ1l6BkzxxDC&index=100&pp=iAQB,5.1M views,12 years ago,https://i.ytimg.com/vi/cj8dDTHGJBY/hqdefault.jpg?sqp=-oaymwEbCKgBEF5IVfKriqkDDggBFQAAiEIYAXABwAEG&rs=AOn4CLCuE6w2jPO33JC4DHb-hoDbQN-sAQ,"Anyone else was expecting John to be all like ""Hey!"""
Meiosis: Where the Sex Starts - Crash Course Biology #13,https://www.youtube.com/watch?v=ylOpide9dus&list=PL8dPuuaLjXtOVe7Q88hA-IJ1l6BkzxxDC&index=100&pp=iAQB,5.1M views,12 years ago,https://i.ytimg.com/vi/cj8dDTHGJBY/hqdefault.jpg?sqp=-oaymwEbCKgBEF5IVfKriqkDDggBFQAAiEIYAXABwAEG&rs=AOn4CLCuE6w2jPO33JC4DHb-hoDbQN-sAQ,Good luck to everyone who has finals this week. cries quietly into textbook at 2:35am
Meiosis: Where the Sex Starts - Crash Course Biology #13,https://www.youtube.com/watch?v=ylOpide9dus&list=PL8dPuuaLjXtOVe7Q88hA-IJ1l6BkzxxDC&index=100&pp=iAQB,5.1M views,12 years ago,https://i.ytimg.com/vi/cj8dDTHGJBY/hqdefault.jpg?sqp=-oaymwEbCKgBEF5IVfKriqkDDggBFQAAiEIYAXABwAEG&rs=AOn4CLCuE6w2jPO33JC4DHb-hoDbQN-sAQ,110% relying on your mitosis and meiosis vids to pass bio.
Meiosis: Where the Sex Starts - Crash Course Biology #13,https://www.youtube.com/watch?v=ylOpide9dus&list=PL8dPuuaLjXtOVe7Q88hA-IJ1l6BkzxxDC&index=100&pp=iAQB,5.1M views,12 years ago,https://i.ytimg.com/vi/cj8dDTHGJBY/hqdefault.jpg?sqp=-oaymwEbCKgBEF5IVfKriqkDDggBFQAAiEIYAXABwAEG&rs=AOn4CLCuE6w2jPO33JC4DHb-hoDbQN-sAQ,You've taught me so much more than my teacher ever has. Thank you so much for saving my grades.
Meiosis: Where the Sex Starts - Crash Course Biology #13,https://www.youtube.com/watch?v=ylOpide9dus&list=PL8dPuuaLjXtOVe7Q88hA-IJ1l6BkzxxDC&index=100&pp=iAQB,5.1M views,12 years ago,https://i.ytimg.com/vi/cj8dDTHGJBY/hqdefault.jpg?sqp=-oaymwEbCKgBEF5IVfKriqkDDggBFQAAiEIYAXABwAEG&rs=AOn4CLCuE6w2jPO33JC4DHb-hoDbQN-sAQ,"For those who say these videos helped them pass a grade. I mean sure, thanks to the videos you guys passed and we are very grateful for his videos, BUT give some credit to yourself. Even if you did not get that passing grade, you did something fewer and fewer people do nowadays: trying your best and taking the initiative. YOU took the time and effort to watch the videos and CHOOSE to learn! That kind of determination and diligence is admirable and very commendable! :D"
Meiosis: Where the Sex Starts - Crash Course Biology #13,https://www.youtube.com/watch?v=ylOpide9dus&list=PL8dPuuaLjXtOVe7Q88hA-IJ1l6BkzxxDC&index=100&pp=iAQB,5.1M views,12 years ago,https://i.ytimg.com/vi/cj8dDTHGJBY/hqdefault.jpg?sqp=-oaymwEbCKgBEF5IVfKriqkDDggBFQAAiEIYAXABwAEG&rs=AOn4CLCuE6w2jPO33JC4DHb-hoDbQN-sAQ,I HAVE AN EXAM IN 30 MINUTES AND IM CRAMMING ALL THIS INFORMATION INTO MY BRAIN BECAUSE I DIDNT LEARN ANYTHING FROM MY TEACHER WISH ME LUCK!!!!!!!!!!!!!!!!!
Meiosis: Where the Sex Starts - Crash Course Biology #13,https://www.youtube.com/watch?v=ylOpide9dus&list=PL8dPuuaLjXtOVe7Q88hA-IJ1l6BkzxxDC&index=100&pp=iAQB,5.1M views,12 years ago,https://i.ytimg.com/vi/cj8dDTHGJBY/hqdefault.jpg?sqp=-oaymwEbCKgBEF5IVfKriqkDDggBFQAAiEIYAXABwAEG&rs=AOn4CLCuE6w2jPO33JC4DHb-hoDbQN-sAQ,The only reason i'll pass biology is because of these videos 
Meiosis: Where the Sex Starts - Crash Course Biology #13,https://www.youtube.com/watch?v=ylOpide9dus&list=PL8dPuuaLjXtOVe7Q88hA-IJ1l6BkzxxDC&index=100&pp=iAQB,5.1M views,12 years ago,https://i.ytimg.com/vi/cj8dDTHGJBY/hqdefault.jpg?sqp=-oaymwEbCKgBEF5IVfKriqkDDggBFQAAiEIYAXABwAEG&rs=AOn4CLCuE6w2jPO33JC4DHb-hoDbQN-sAQ,WE NEED TEACHERS LIKE YOU IN SCHOOLS!!!
Meiosis: Where the Sex Starts - Crash Course Biology #13,https://www.youtube.com/watch?v=ylOpide9dus&list=PL8dPuuaLjXtOVe7Q88hA-IJ1l6BkzxxDC&index=100&pp=iAQB,5.1M views,12 years ago,https://i.ytimg.com/vi/cj8dDTHGJBY/hqdefault.jpg?sqp=-oaymwEbCKgBEF5IVfKriqkDDggBFQAAiEIYAXABwAEG&rs=AOn4CLCuE6w2jPO33JC4DHb-hoDbQN-sAQ,You are saving my career as a biologist.
Meiosis: Where the Sex Starts - Crash Course Biology #13,https://www.youtube.com/watch?v=ylOpide9dus&list=PL8dPuuaLjXtOVe7Q88hA-IJ1l6BkzxxDC&index=100&pp=iAQB,5.1M views,12 years ago,https://i.ytimg.com/vi/cj8dDTHGJBY/hqdefault.jpg?sqp=-oaymwEbCKgBEF5IVfKriqkDDggBFQAAiEIYAXABwAEG&rs=AOn4CLCuE6w2jPO33JC4DHb-hoDbQN-sAQ,imagine how hard it was for john to just stand still and have to listen to hank
Meiosis: Where the Sex Starts - Crash Course Biology #13,https://www.youtube.com/watch?v=ylOpide9dus&list=PL8dPuuaLjXtOVe7Q88hA-IJ1l6BkzxxDC&index=100&pp=iAQB,5.1M views,12 years ago,https://i.ytimg.com/vi/cj8dDTHGJBY/hqdefault.jpg?sqp=-oaymwEbCKgBEF5IVfKriqkDDggBFQAAiEIYAXABwAEG&rs=AOn4CLCuE6w2jPO33JC4DHb-hoDbQN-sAQ,who else got an exam tomorrow? lol
Meiosis: Where the Sex Starts - Crash Course Biology #13,https://www.youtube.com/watch?v=ylOpide9dus&list=PL8dPuuaLjXtOVe7Q88hA-IJ1l6BkzxxDC&index=100&pp=iAQB,5.1M views,12 years ago,https://i.ytimg.com/vi/cj8dDTHGJBY/hqdefault.jpg?sqp=-oaymwEbCKgBEF5IVfKriqkDDggBFQAAiEIYAXABwAEG&rs=AOn4CLCuE6w2jPO33JC4DHb-hoDbQN-sAQ,Cramming for a test tomorrow! This is so helpful! Teachers take two days to finish what he did in like 10-11 min
Meiosis: Where the Sex Starts - Crash Course Biology #13,https://www.youtube.com/watch?v=ylOpide9dus&list=PL8dPuuaLjXtOVe7Q88hA-IJ1l6BkzxxDC&index=100&pp=iAQB,5.1M views,12 years ago,https://i.ytimg.com/vi/cj8dDTHGJBY/hqdefault.jpg?sqp=-oaymwEbCKgBEF5IVfKriqkDDggBFQAAiEIYAXABwAEG&rs=AOn4CLCuE6w2jPO33JC4DHb-hoDbQN-sAQ,I’ve watched this so many times that it’s finally starting to make sense
Meiosis: Where the Sex Starts - Crash Course Biology #13,https://www.youtube.com/watch?v=ylOpide9dus&list=PL8dPuuaLjXtOVe7Q88hA-IJ1l6BkzxxDC&index=100&pp=iAQB,5.1M views,12 years ago,https://i.ytimg.com/vi/cj8dDTHGJBY/hqdefault.jpg?sqp=-oaymwEbCKgBEF5IVfKriqkDDggBFQAAiEIYAXABwAEG&rs=AOn4CLCuE6w2jPO33JC4DHb-hoDbQN-sAQ,I come back to this video every few years when I find myself needing a reminder about this process. Thanks Hank
Meiosis: Where the Sex Starts - Crash Course Biology #13,https://www.youtube.com/watch?v=ylOpide9dus&list=PL8dPuuaLjXtOVe7Q88hA-IJ1l6BkzxxDC&index=100&pp=iAQB,5.1M views,12 years ago,https://i.ytimg.com/vi/cj8dDTHGJBY/hqdefault.jpg?sqp=-oaymwEbCKgBEF5IVfKriqkDDggBFQAAiEIYAXABwAEG&rs=AOn4CLCuE6w2jPO33JC4DHb-hoDbQN-sAQ,"Such Crash Course.
Much Science.
Very Biology.
So Green Brothers.
Wow."
Meiosis: Where the Sex Starts - Crash Course Biology #13,https://www.youtube.com/watch?v=ylOpide9dus&list=PL8dPuuaLjXtOVe7Q88hA-IJ1l6BkzxxDC&index=100&pp=iAQB,5.1M views,12 years ago,https://i.ytimg.com/vi/cj8dDTHGJBY/hqdefault.jpg?sqp=-oaymwEbCKgBEF5IVfKriqkDDggBFQAAiEIYAXABwAEG&rs=AOn4CLCuE6w2jPO33JC4DHb-hoDbQN-sAQ,if you were my teacher I'd be getting an A ++++++++++++++++ in biology
Meiosis: Where the Sex Starts - Crash Course Biology #13,https://www.youtube.com/watch?v=ylOpide9dus&list=PL8dPuuaLjXtOVe7Q88hA-IJ1l6BkzxxDC&index=100&pp=iAQB,5.1M views,12 years ago,https://i.ytimg.com/vi/cj8dDTHGJBY/hqdefault.jpg?sqp=-oaymwEbCKgBEF5IVfKriqkDDggBFQAAiEIYAXABwAEG&rs=AOn4CLCuE6w2jPO33JC4DHb-hoDbQN-sAQ,I dare you to watch from 0:33-0:42 at half speed and not think about how Hank sounds drunk
Meiosis: Where the Sex Starts - Crash Course Biology #13,https://www.youtube.com/watch?v=ylOpide9dus&list=PL8dPuuaLjXtOVe7Q88hA-IJ1l6BkzxxDC&index=100&pp=iAQB,5.1M views,12 years ago,https://i.ytimg.com/vi/cj8dDTHGJBY/hqdefault.jpg?sqp=-oaymwEbCKgBEF5IVfKriqkDDggBFQAAiEIYAXABwAEG&rs=AOn4CLCuE6w2jPO33JC4DHb-hoDbQN-sAQ,6:50 John doing a mannequin challenge 4 years before it was a thing!!
Maxwell's Equations: Crash Course Physics #37,https://www.youtube.com/watch?v=ylOpide9dus&list=PL8dPuuaLjXtOVe7Q88hA-IJ1l6BkzxxDC&index=100&pp=iAQB,771K views,7 years ago,https://i.ytimg.com/vi/cj8dDTHGJBY/hqdefault.jpg?sqp=-oaymwEbCKgBEF5IVfKriqkDDggBFQAAiEIYAXABwAEG&rs=AOn4CLCuE6w2jPO33JC4DHb-hoDbQN-sAQ,"We made quiz questions to help you review the content in this episode! Find them on the free Crash Course App! 
Download it here for Apple Devices: https://apple.co/3d4eyZo 
Download it here for Android Devices: https://bit.ly/3TW06aP"
Maxwell's Equations: Crash Course Physics #37,https://www.youtube.com/watch?v=ylOpide9dus&list=PL8dPuuaLjXtOVe7Q88hA-IJ1l6BkzxxDC&index=100&pp=iAQB,771K views,7 years ago,https://i.ytimg.com/vi/cj8dDTHGJBY/hqdefault.jpg?sqp=-oaymwEbCKgBEF5IVfKriqkDDggBFQAAiEIYAXABwAEG&rs=AOn4CLCuE6w2jPO33JC4DHb-hoDbQN-sAQ,"I just watched this at 2X speed, and now the whole world is on slow motion"
Maxwell's Equations: Crash Course Physics #37,https://www.youtube.com/watch?v=ylOpide9dus&list=PL8dPuuaLjXtOVe7Q88hA-IJ1l6BkzxxDC&index=100&pp=iAQB,771K views,7 years ago,https://i.ytimg.com/vi/cj8dDTHGJBY/hqdefault.jpg?sqp=-oaymwEbCKgBEF5IVfKriqkDDggBFQAAiEIYAXABwAEG&rs=AOn4CLCuE6w2jPO33JC4DHb-hoDbQN-sAQ,Maxwell's equations at the speed of light...
Maxwell's Equations: Crash Course Physics #37,https://www.youtube.com/watch?v=ylOpide9dus&list=PL8dPuuaLjXtOVe7Q88hA-IJ1l6BkzxxDC&index=100&pp=iAQB,771K views,7 years ago,https://i.ytimg.com/vi/cj8dDTHGJBY/hqdefault.jpg?sqp=-oaymwEbCKgBEF5IVfKriqkDDggBFQAAiEIYAXABwAEG&rs=AOn4CLCuE6w2jPO33JC4DHb-hoDbQN-sAQ,A semester's worth of lessons in 10 minutes.
Maxwell's Equations: Crash Course Physics #37,https://www.youtube.com/watch?v=ylOpide9dus&list=PL8dPuuaLjXtOVe7Q88hA-IJ1l6BkzxxDC&index=100&pp=iAQB,771K views,7 years ago,https://i.ytimg.com/vi/cj8dDTHGJBY/hqdefault.jpg?sqp=-oaymwEbCKgBEF5IVfKriqkDDggBFQAAiEIYAXABwAEG&rs=AOn4CLCuE6w2jPO33JC4DHb-hoDbQN-sAQ,"Fantastic video! I understood everything. However I am a bachelor in electrical engineering and study this stuff regurarly. I think you should add more and longer pauses between sentences as there are very few breaks to actually think and contemplate. Those who lack the mathematics can't take in this much data without  time to think.

Just a thought."
Maxwell's Equations: Crash Course Physics #37,https://www.youtube.com/watch?v=ylOpide9dus&list=PL8dPuuaLjXtOVe7Q88hA-IJ1l6BkzxxDC&index=100&pp=iAQB,771K views,7 years ago,https://i.ytimg.com/vi/cj8dDTHGJBY/hqdefault.jpg?sqp=-oaymwEbCKgBEF5IVfKriqkDDggBFQAAiEIYAXABwAEG&rs=AOn4CLCuE6w2jPO33JC4DHb-hoDbQN-sAQ,"Maxwell's Equations in under 11 minutes. A few brains are going to explode. When I first encountered Maxwell's Equations, through a much longer process of understanding (heh), I thought it one of the most beautiful things I had seen. Wonderful stuff, though in concentrated form maybe only suitable for review rather than learning. Anyway, well done Crash Course Physics."
Maxwell's Equations: Crash Course Physics #37,https://www.youtube.com/watch?v=ylOpide9dus&list=PL8dPuuaLjXtOVe7Q88hA-IJ1l6BkzxxDC&index=100&pp=iAQB,771K views,7 years ago,https://i.ytimg.com/vi/cj8dDTHGJBY/hqdefault.jpg?sqp=-oaymwEbCKgBEF5IVfKriqkDDggBFQAAiEIYAXABwAEG&rs=AOn4CLCuE6w2jPO33JC4DHb-hoDbQN-sAQ,Maxwell  would doubt himself after seeing this
Maxwell's Equations: Crash Course Physics #37,https://www.youtube.com/watch?v=ylOpide9dus&list=PL8dPuuaLjXtOVe7Q88hA-IJ1l6BkzxxDC&index=100&pp=iAQB,771K views,7 years ago,https://i.ytimg.com/vi/cj8dDTHGJBY/hqdefault.jpg?sqp=-oaymwEbCKgBEF5IVfKriqkDDggBFQAAiEIYAXABwAEG&rs=AOn4CLCuE6w2jPO33JC4DHb-hoDbQN-sAQ,i dare anyone to watch this at 1.5x
Maxwell's Equations: Crash Course Physics #37,https://www.youtube.com/watch?v=ylOpide9dus&list=PL8dPuuaLjXtOVe7Q88hA-IJ1l6BkzxxDC&index=100&pp=iAQB,771K views,7 years ago,https://i.ytimg.com/vi/cj8dDTHGJBY/hqdefault.jpg?sqp=-oaymwEbCKgBEF5IVfKriqkDDggBFQAAiEIYAXABwAEG&rs=AOn4CLCuE6w2jPO33JC4DHb-hoDbQN-sAQ,"I love PBS. but pls, sloooow down."
Maxwell's Equations: Crash Course Physics #37,https://www.youtube.com/watch?v=ylOpide9dus&list=PL8dPuuaLjXtOVe7Q88hA-IJ1l6BkzxxDC&index=100&pp=iAQB,771K views,7 years ago,https://i.ytimg.com/vi/cj8dDTHGJBY/hqdefault.jpg?sqp=-oaymwEbCKgBEF5IVfKriqkDDggBFQAAiEIYAXABwAEG&rs=AOn4CLCuE6w2jPO33JC4DHb-hoDbQN-sAQ,"You should probably have closed loops around your integral signs, to denote that it is a closed loop line integral."
Maxwell's Equations: Crash Course Physics #37,https://www.youtube.com/watch?v=ylOpide9dus&list=PL8dPuuaLjXtOVe7Q88hA-IJ1l6BkzxxDC&index=100&pp=iAQB,771K views,7 years ago,https://i.ytimg.com/vi/cj8dDTHGJBY/hqdefault.jpg?sqp=-oaymwEbCKgBEF5IVfKriqkDDggBFQAAiEIYAXABwAEG&rs=AOn4CLCuE6w2jPO33JC4DHb-hoDbQN-sAQ,I end up with a toothache and forgetting what I already knew about Maxwell equations.
Maxwell's Equations: Crash Course Physics #37,https://www.youtube.com/watch?v=ylOpide9dus&list=PL8dPuuaLjXtOVe7Q88hA-IJ1l6BkzxxDC&index=100&pp=iAQB,771K views,7 years ago,https://i.ytimg.com/vi/cj8dDTHGJBY/hqdefault.jpg?sqp=-oaymwEbCKgBEF5IVfKriqkDDggBFQAAiEIYAXABwAEG&rs=AOn4CLCuE6w2jPO33JC4DHb-hoDbQN-sAQ,"After battling my em course for two months, this is the best summary I've ever hoped I would stumble on!"
Maxwell's Equations: Crash Course Physics #37,https://www.youtube.com/watch?v=ylOpide9dus&list=PL8dPuuaLjXtOVe7Q88hA-IJ1l6BkzxxDC&index=100&pp=iAQB,771K views,7 years ago,https://i.ytimg.com/vi/cj8dDTHGJBY/hqdefault.jpg?sqp=-oaymwEbCKgBEF5IVfKriqkDDggBFQAAiEIYAXABwAEG&rs=AOn4CLCuE6w2jPO33JC4DHb-hoDbQN-sAQ,This episode was done AT the speed of light!
Maxwell's Equations: Crash Course Physics #37,https://www.youtube.com/watch?v=ylOpide9dus&list=PL8dPuuaLjXtOVe7Q88hA-IJ1l6BkzxxDC&index=100&pp=iAQB,771K views,7 years ago,https://i.ytimg.com/vi/cj8dDTHGJBY/hqdefault.jpg?sqp=-oaymwEbCKgBEF5IVfKriqkDDggBFQAAiEIYAXABwAEG&rs=AOn4CLCuE6w2jPO33JC4DHb-hoDbQN-sAQ,Wasn't sure if you were teaching or rapping! :/
Maxwell's Equations: Crash Course Physics #37,https://www.youtube.com/watch?v=ylOpide9dus&list=PL8dPuuaLjXtOVe7Q88hA-IJ1l6BkzxxDC&index=100&pp=iAQB,771K views,7 years ago,https://i.ytimg.com/vi/cj8dDTHGJBY/hqdefault.jpg?sqp=-oaymwEbCKgBEF5IVfKriqkDDggBFQAAiEIYAXABwAEG&rs=AOn4CLCuE6w2jPO33JC4DHb-hoDbQN-sAQ,"Watched the whole video

Didn't understand a thing"
Maxwell's Equations: Crash Course Physics #37,https://www.youtube.com/watch?v=ylOpide9dus&list=PL8dPuuaLjXtOVe7Q88hA-IJ1l6BkzxxDC&index=100&pp=iAQB,771K views,7 years ago,https://i.ytimg.com/vi/cj8dDTHGJBY/hqdefault.jpg?sqp=-oaymwEbCKgBEF5IVfKriqkDDggBFQAAiEIYAXABwAEG&rs=AOn4CLCuE6w2jPO33JC4DHb-hoDbQN-sAQ,"I'm a 2nd year maths and physics undergrad doing a course on Electromagnetism this semester, and this video does a great job of summing up all the key points (highly recommend for students who like me who pass off watching youtube videos sorta related to their topic as studying instead of reading lecture notes lol). However, it is probably not ideal for someone with little to no background in the area. I imagine many of the points made required an extra tab for wiki-ing to get a more intuitive feel. Hats off to her for compounding so much information so coherently though, great revision aid!"
Maxwell's Equations: Crash Course Physics #37,https://www.youtube.com/watch?v=ylOpide9dus&list=PL8dPuuaLjXtOVe7Q88hA-IJ1l6BkzxxDC&index=100&pp=iAQB,771K views,7 years ago,https://i.ytimg.com/vi/cj8dDTHGJBY/hqdefault.jpg?sqp=-oaymwEbCKgBEF5IVfKriqkDDggBFQAAiEIYAXABwAEG&rs=AOn4CLCuE6w2jPO33JC4DHb-hoDbQN-sAQ,ive been wanting this animation 5:50 for ages cos i couldnt imagine in my head. thanks :)
Maxwell's Equations: Crash Course Physics #37,https://www.youtube.com/watch?v=ylOpide9dus&list=PL8dPuuaLjXtOVe7Q88hA-IJ1l6BkzxxDC&index=100&pp=iAQB,771K views,7 years ago,https://i.ytimg.com/vi/cj8dDTHGJBY/hqdefault.jpg?sqp=-oaymwEbCKgBEF5IVfKriqkDDggBFQAAiEIYAXABwAEG&rs=AOn4CLCuE6w2jPO33JC4DHb-hoDbQN-sAQ,Thank you! Now I finally undarstand the Maxwell's Equations and also I understand the electromagnetic waves very better!
Maxwell's Equations: Crash Course Physics #37,https://www.youtube.com/watch?v=ylOpide9dus&list=PL8dPuuaLjXtOVe7Q88hA-IJ1l6BkzxxDC&index=100&pp=iAQB,771K views,7 years ago,https://i.ytimg.com/vi/cj8dDTHGJBY/hqdefault.jpg?sqp=-oaymwEbCKgBEF5IVfKriqkDDggBFQAAiEIYAXABwAEG&rs=AOn4CLCuE6w2jPO33JC4DHb-hoDbQN-sAQ,I love how Doctor Somara takes something well known like the speed of light and presents how scientists derived it before she explains what their result was. She keeps lecture interesting and works my mind!
Maxwell's Equations: Crash Course Physics #37,https://www.youtube.com/watch?v=ylOpide9dus&list=PL8dPuuaLjXtOVe7Q88hA-IJ1l6BkzxxDC&index=100&pp=iAQB,771K views,7 years ago,https://i.ytimg.com/vi/cj8dDTHGJBY/hqdefault.jpg?sqp=-oaymwEbCKgBEF5IVfKriqkDDggBFQAAiEIYAXABwAEG&rs=AOn4CLCuE6w2jPO33JC4DHb-hoDbQN-sAQ,Excellent video. Very concise and quick explanation of an extremely long winded field! I have an exam in electromagnetism tomorrow and it definitely simplified a lot of concepts for me. Thanks!
Light Is Waves: Crash Course Physics #39,https://www.youtube.com/watch?v=ylOpide9dus&list=PL8dPuuaLjXtOVe7Q88hA-IJ1l6BkzxxDC&index=100&pp=iAQB,1.1M views,7 years ago,https://i.ytimg.com/vi/IRBfpBPELmE/mqdefault.jpg,"We made quiz questions to help you review the content in this episode! Find them on the free Crash Course App! 
Download it here for Apple Devices: https://apple.co/3d4eyZo 
Download it here for Android Devices: https://bit.ly/3TW06aP"
Light Is Waves: Crash Course Physics #39,https://www.youtube.com/watch?v=ylOpide9dus&list=PL8dPuuaLjXtOVe7Q88hA-IJ1l6BkzxxDC&index=100&pp=iAQB,1.1M views,7 years ago,https://i.ytimg.com/vi/IRBfpBPELmE/mqdefault.jpg,"""studying waves has its ups and downs"" 
 I love this"
Light Is Waves: Crash Course Physics #39,https://www.youtube.com/watch?v=ylOpide9dus&list=PL8dPuuaLjXtOVe7Q88hA-IJ1l6BkzxxDC&index=100&pp=iAQB,1.1M views,7 years ago,https://i.ytimg.com/vi/IRBfpBPELmE/mqdefault.jpg,"When I greet light, light waves back..."
Light Is Waves: Crash Course Physics #39,https://www.youtube.com/watch?v=ylOpide9dus&list=PL8dPuuaLjXtOVe7Q88hA-IJ1l6BkzxxDC&index=100&pp=iAQB,1.1M views,7 years ago,https://i.ytimg.com/vi/IRBfpBPELmE/mqdefault.jpg,"A photon walks into a hotel lobby. They ask it if it wants help with its bag and it replies ""no thanks I'm traveling light"" "
Light Is Waves: Crash Course Physics #39,https://www.youtube.com/watch?v=ylOpide9dus&list=PL8dPuuaLjXtOVe7Q88hA-IJ1l6BkzxxDC&index=100&pp=iAQB,1.1M views,7 years ago,https://i.ytimg.com/vi/IRBfpBPELmE/mqdefault.jpg,This is driving me nuts!
Light Is Waves: Crash Course Physics #39,https://www.youtube.com/watch?v=ylOpide9dus&list=PL8dPuuaLjXtOVe7Q88hA-IJ1l6BkzxxDC&index=100&pp=iAQB,1.1M views,7 years ago,https://i.ytimg.com/vi/IRBfpBPELmE/mqdefault.jpg,"Oh man Shini, I've learned this three times over two years, and this is the first time this has made any kind of sense to me.
Thank you."
Light Is Waves: Crash Course Physics #39,https://www.youtube.com/watch?v=ylOpide9dus&list=PL8dPuuaLjXtOVe7Q88hA-IJ1l6BkzxxDC&index=100&pp=iAQB,1.1M views,7 years ago,https://i.ytimg.com/vi/IRBfpBPELmE/mqdefault.jpg,"Is light a particle or a wave? Or is it just particularly wavy?
;) 
joke, not a real question."
Light Is Waves: Crash Course Physics #39,https://www.youtube.com/watch?v=ylOpide9dus&list=PL8dPuuaLjXtOVe7Q88hA-IJ1l6BkzxxDC&index=100&pp=iAQB,1.1M views,7 years ago,https://i.ytimg.com/vi/IRBfpBPELmE/mqdefault.jpg,Even though it is above my grade level it still helps so when I go back to school i will be ahead of the class in some areas
Light Is Waves: Crash Course Physics #39,https://www.youtube.com/watch?v=ylOpide9dus&list=PL8dPuuaLjXtOVe7Q88hA-IJ1l6BkzxxDC&index=100&pp=iAQB,1.1M views,7 years ago,https://i.ytimg.com/vi/IRBfpBPELmE/mqdefault.jpg,"These videos are amazing, and they’ve totally saved me a handful of times during the mad dash that is summer physics!! I’ve found what works best for me is to watch the video, then read the corresponding textbook chapter, and then watch the video again. The first time watching it, it may not make too much sense. However, after reading the textbook chapter, it’s a super great way to gauge how much you understand and try to get a deeper/more dynamic understanding of the big concepts before moving to working some math problems. Good luck to all of the other physics students out there!!!"
Light Is Waves: Crash Course Physics #39,https://www.youtube.com/watch?v=ylOpide9dus&list=PL8dPuuaLjXtOVe7Q88hA-IJ1l6BkzxxDC&index=100&pp=iAQB,1.1M views,7 years ago,https://i.ytimg.com/vi/IRBfpBPELmE/mqdefault.jpg,THANK YOU. I took a physics series and this was a perfect summing up of what I had learned about diffraction. I really needed a refresher.
Light Is Waves: Crash Course Physics #39,https://www.youtube.com/watch?v=ylOpide9dus&list=PL8dPuuaLjXtOVe7Q88hA-IJ1l6BkzxxDC&index=100&pp=iAQB,1.1M views,7 years ago,https://i.ytimg.com/vi/IRBfpBPELmE/mqdefault.jpg,Whose quarantined and watching this for school?
Light Is Waves: Crash Course Physics #39,https://www.youtube.com/watch?v=ylOpide9dus&list=PL8dPuuaLjXtOVe7Q88hA-IJ1l6BkzxxDC&index=100&pp=iAQB,1.1M views,7 years ago,https://i.ytimg.com/vi/IRBfpBPELmE/mqdefault.jpg,"I am almost paying more attention to how it was presented than the actual presentation, she's so focused and intense yet holds an edge of casualness in her tone that might encourage me to interrupt her had I the audacity. Good job, please keep teaching."
Light Is Waves: Crash Course Physics #39,https://www.youtube.com/watch?v=ylOpide9dus&list=PL8dPuuaLjXtOVe7Q88hA-IJ1l6BkzxxDC&index=100&pp=iAQB,1.1M views,7 years ago,https://i.ytimg.com/vi/IRBfpBPELmE/mqdefault.jpg,"you guys keep uploading stuff I'm learning at college 
 from ethics to science "
Light Is Waves: Crash Course Physics #39,https://www.youtube.com/watch?v=ylOpide9dus&list=PL8dPuuaLjXtOVe7Q88hA-IJ1l6BkzxxDC&index=100&pp=iAQB,1.1M views,7 years ago,https://i.ytimg.com/vi/IRBfpBPELmE/mqdefault.jpg,"I keep waiting for her to take a breath but it never happens.  
o.O
O.o
O.O


I, for one, welcome our new Smart-Bot overlords."
Light Is Waves: Crash Course Physics #39,https://www.youtube.com/watch?v=ylOpide9dus&list=PL8dPuuaLjXtOVe7Q88hA-IJ1l6BkzxxDC&index=100&pp=iAQB,1.1M views,7 years ago,https://i.ytimg.com/vi/IRBfpBPELmE/mqdefault.jpg,Let it be known that the people behind Crash Course play Enter the Gungeon.
Light Is Waves: Crash Course Physics #39,https://www.youtube.com/watch?v=ylOpide9dus&list=PL8dPuuaLjXtOVe7Q88hA-IJ1l6BkzxxDC&index=100&pp=iAQB,1.1M views,7 years ago,https://i.ytimg.com/vi/IRBfpBPELmE/mqdefault.jpg,Hey ur voice travels at the speed of light
Light Is Waves: Crash Course Physics #39,https://www.youtube.com/watch?v=ylOpide9dus&list=PL8dPuuaLjXtOVe7Q88hA-IJ1l6BkzxxDC&index=100&pp=iAQB,1.1M views,7 years ago,https://i.ytimg.com/vi/IRBfpBPELmE/mqdefault.jpg,Did I just see Enter the Gungeon!? In Crash Course!?
Light Is Waves: Crash Course Physics #39,https://www.youtube.com/watch?v=ylOpide9dus&list=PL8dPuuaLjXtOVe7Q88hA-IJ1l6BkzxxDC&index=100&pp=iAQB,1.1M views,7 years ago,https://i.ytimg.com/vi/IRBfpBPELmE/mqdefault.jpg,"i once did the double slit experiment, using a laser-pen and some tin foil. i was amazed when it actually worked and created a beautiful interference pattern on my wall :D"
Light Is Waves: Crash Course Physics #39,https://www.youtube.com/watch?v=ylOpide9dus&list=PL8dPuuaLjXtOVe7Q88hA-IJ1l6BkzxxDC&index=100&pp=iAQB,1.1M views,7 years ago,https://i.ytimg.com/vi/IRBfpBPELmE/mqdefault.jpg,Best explanation of the double-slit I have ever experienced! Thank you!!!!
Light Is Waves: Crash Course Physics #39,https://www.youtube.com/watch?v=ylOpide9dus&list=PL8dPuuaLjXtOVe7Q88hA-IJ1l6BkzxxDC&index=100&pp=iAQB,1.1M views,7 years ago,https://i.ytimg.com/vi/IRBfpBPELmE/mqdefault.jpg,"Perfect explanation !!!!  I just replicated it with my smartphone flashlight, and some books.  Works exactly as stated."
Nuclear Physics: Crash Course Physics #45,https://www.youtube.com/watch?v=ylOpide9dus&list=PL8dPuuaLjXtOVe7Q88hA-IJ1l6BkzxxDC&index=100&pp=iAQB,921K views,7 years ago,https://i.ytimg.com/vi/cj8dDTHGJBY/hqdefault.jpg?sqp=-oaymwEbCKgBEF5IVfKriqkDDggBFQAAiEIYAXABwAEG&rs=AOn4CLCuE6w2jPO33JC4DHb-hoDbQN-sAQ,"We made quiz questions to help you review the content in this episode! Find them on the free Crash Course App! 
Download it here for Apple Devices: https://apple.co/3d4eyZo 
Download it here for Android Devices: https://bit.ly/3TW06aP"
Nuclear Physics: Crash Course Physics #45,https://www.youtube.com/watch?v=ylOpide9dus&list=PL8dPuuaLjXtOVe7Q88hA-IJ1l6BkzxxDC&index=100&pp=iAQB,921K views,7 years ago,https://i.ytimg.com/vi/cj8dDTHGJBY/hqdefault.jpg?sqp=-oaymwEbCKgBEF5IVfKriqkDDggBFQAAiEIYAXABwAEG&rs=AOn4CLCuE6w2jPO33JC4DHb-hoDbQN-sAQ,Never paused and rewinded so much in my life
Nuclear Physics: Crash Course Physics #45,https://www.youtube.com/watch?v=ylOpide9dus&list=PL8dPuuaLjXtOVe7Q88hA-IJ1l6BkzxxDC&index=100&pp=iAQB,921K views,7 years ago,https://i.ytimg.com/vi/cj8dDTHGJBY/hqdefault.jpg?sqp=-oaymwEbCKgBEF5IVfKriqkDDggBFQAAiEIYAXABwAEG&rs=AOn4CLCuE6w2jPO33JC4DHb-hoDbQN-sAQ,"If this is only the intro, I'm in trouble."
Nuclear Physics: Crash Course Physics #45,https://www.youtube.com/watch?v=ylOpide9dus&list=PL8dPuuaLjXtOVe7Q88hA-IJ1l6BkzxxDC&index=100&pp=iAQB,921K views,7 years ago,https://i.ytimg.com/vi/cj8dDTHGJBY/hqdefault.jpg?sqp=-oaymwEbCKgBEF5IVfKriqkDDggBFQAAiEIYAXABwAEG&rs=AOn4CLCuE6w2jPO33JC4DHb-hoDbQN-sAQ,The only thing I learned from this video is that I can space out for 10:24 with no recollection of what I just watched
Nuclear Physics: Crash Course Physics #45,https://www.youtube.com/watch?v=ylOpide9dus&list=PL8dPuuaLjXtOVe7Q88hA-IJ1l6BkzxxDC&index=100&pp=iAQB,921K views,7 years ago,https://i.ytimg.com/vi/cj8dDTHGJBY/hqdefault.jpg?sqp=-oaymwEbCKgBEF5IVfKriqkDDggBFQAAiEIYAXABwAEG&rs=AOn4CLCuE6w2jPO33JC4DHb-hoDbQN-sAQ,"I just love how passionate Shini is about physics, thats why I like watching her videos. I'm sad that the series stops soon!"
Nuclear Physics: Crash Course Physics #45,https://www.youtube.com/watch?v=ylOpide9dus&list=PL8dPuuaLjXtOVe7Q88hA-IJ1l6BkzxxDC&index=100&pp=iAQB,921K views,7 years ago,https://i.ytimg.com/vi/cj8dDTHGJBY/hqdefault.jpg?sqp=-oaymwEbCKgBEF5IVfKriqkDDggBFQAAiEIYAXABwAEG&rs=AOn4CLCuE6w2jPO33JC4DHb-hoDbQN-sAQ,"Please continue to make  more videos on nuclear physics topics and do it in a crash course manner. It is the perfect way of doing online learning and the way you do it, nothing like it on the internet. Excellent work to your team."
Nuclear Physics: Crash Course Physics #45,https://www.youtube.com/watch?v=ylOpide9dus&list=PL8dPuuaLjXtOVe7Q88hA-IJ1l6BkzxxDC&index=100&pp=iAQB,921K views,7 years ago,https://i.ytimg.com/vi/cj8dDTHGJBY/hqdefault.jpg?sqp=-oaymwEbCKgBEF5IVfKriqkDDggBFQAAiEIYAXABwAEG&rs=AOn4CLCuE6w2jPO33JC4DHb-hoDbQN-sAQ,"umm at 6:30 is it a FullMetal Alchemist Reference? or is it just me? The little picture I mean.

EDIT: 8:14 OMFG. HOLY S***.... ITS REALLY IS."
Nuclear Physics: Crash Course Physics #45,https://www.youtube.com/watch?v=ylOpide9dus&list=PL8dPuuaLjXtOVe7Q88hA-IJ1l6BkzxxDC&index=100&pp=iAQB,921K views,7 years ago,https://i.ytimg.com/vi/cj8dDTHGJBY/hqdefault.jpg?sqp=-oaymwEbCKgBEF5IVfKriqkDDggBFQAAiEIYAXABwAEG&rs=AOn4CLCuE6w2jPO33JC4DHb-hoDbQN-sAQ,"Alpha Decay - 5:57
Beat Decay - 7:11
Gamma Decay - 8:41"
Nuclear Physics: Crash Course Physics #45,https://www.youtube.com/watch?v=ylOpide9dus&list=PL8dPuuaLjXtOVe7Q88hA-IJ1l6BkzxxDC&index=100&pp=iAQB,921K views,7 years ago,https://i.ytimg.com/vi/cj8dDTHGJBY/hqdefault.jpg?sqp=-oaymwEbCKgBEF5IVfKriqkDDggBFQAAiEIYAXABwAEG&rs=AOn4CLCuE6w2jPO33JC4DHb-hoDbQN-sAQ,"6:30
Transmutation
You guys are sick bastards



I love it
Thumbs up for whoever put in that part"
Nuclear Physics: Crash Course Physics #45,https://www.youtube.com/watch?v=ylOpide9dus&list=PL8dPuuaLjXtOVe7Q88hA-IJ1l6BkzxxDC&index=100&pp=iAQB,921K views,7 years ago,https://i.ytimg.com/vi/cj8dDTHGJBY/hqdefault.jpg?sqp=-oaymwEbCKgBEF5IVfKriqkDDggBFQAAiEIYAXABwAEG&rs=AOn4CLCuE6w2jPO33JC4DHb-hoDbQN-sAQ,"Amazing video, great to see everything I learnt in class explained in a slightly other manner within a mere ten minutes!"
Nuclear Physics: Crash Course Physics #45,https://www.youtube.com/watch?v=ylOpide9dus&list=PL8dPuuaLjXtOVe7Q88hA-IJ1l6BkzxxDC&index=100&pp=iAQB,921K views,7 years ago,https://i.ytimg.com/vi/cj8dDTHGJBY/hqdefault.jpg?sqp=-oaymwEbCKgBEF5IVfKriqkDDggBFQAAiEIYAXABwAEG&rs=AOn4CLCuE6w2jPO33JC4DHb-hoDbQN-sAQ,these videos were so much fun to learn from during high school and it's amusing to watch them all over again now ~  love this !!
Nuclear Physics: Crash Course Physics #45,https://www.youtube.com/watch?v=ylOpide9dus&list=PL8dPuuaLjXtOVe7Q88hA-IJ1l6BkzxxDC&index=100&pp=iAQB,921K views,7 years ago,https://i.ytimg.com/vi/cj8dDTHGJBY/hqdefault.jpg?sqp=-oaymwEbCKgBEF5IVfKriqkDDggBFQAAiEIYAXABwAEG&rs=AOn4CLCuE6w2jPO33JC4DHb-hoDbQN-sAQ,"Does she ever breathe?

I like the content and of course I realize that this is edited together from multiple takes, but please, dear editor of +CrashCourse, please include some breaks and pauses every once in a while and give the viewers time to process the information."
Nuclear Physics: Crash Course Physics #45,https://www.youtube.com/watch?v=ylOpide9dus&list=PL8dPuuaLjXtOVe7Q88hA-IJ1l6BkzxxDC&index=100&pp=iAQB,921K views,7 years ago,https://i.ytimg.com/vi/cj8dDTHGJBY/hqdefault.jpg?sqp=-oaymwEbCKgBEF5IVfKriqkDDggBFQAAiEIYAXABwAEG&rs=AOn4CLCuE6w2jPO33JC4DHb-hoDbQN-sAQ,8:14 I laughed and then I cried
Nuclear Physics: Crash Course Physics #45,https://www.youtube.com/watch?v=ylOpide9dus&list=PL8dPuuaLjXtOVe7Q88hA-IJ1l6BkzxxDC&index=100&pp=iAQB,921K views,7 years ago,https://i.ytimg.com/vi/cj8dDTHGJBY/hqdefault.jpg?sqp=-oaymwEbCKgBEF5IVfKriqkDDggBFQAAiEIYAXABwAEG&rs=AOn4CLCuE6w2jPO33JC4DHb-hoDbQN-sAQ,Can crash course do math? That would be a godsend.
Nuclear Physics: Crash Course Physics #45,https://www.youtube.com/watch?v=ylOpide9dus&list=PL8dPuuaLjXtOVe7Q88hA-IJ1l6BkzxxDC&index=100&pp=iAQB,921K views,7 years ago,https://i.ytimg.com/vi/cj8dDTHGJBY/hqdefault.jpg?sqp=-oaymwEbCKgBEF5IVfKriqkDDggBFQAAiEIYAXABwAEG&rs=AOn4CLCuE6w2jPO33JC4DHb-hoDbQN-sAQ,"i love how you mentioned half lives and gordon was there! I been a fan of half life for so long , it was wat inspired me to study nuclear psychics"
Nuclear Physics: Crash Course Physics #45,https://www.youtube.com/watch?v=ylOpide9dus&list=PL8dPuuaLjXtOVe7Q88hA-IJ1l6BkzxxDC&index=100&pp=iAQB,921K views,7 years ago,https://i.ytimg.com/vi/cj8dDTHGJBY/hqdefault.jpg?sqp=-oaymwEbCKgBEF5IVfKriqkDDggBFQAAiEIYAXABwAEG&rs=AOn4CLCuE6w2jPO33JC4DHb-hoDbQN-sAQ,What's up with the Fullmetal Alchemist references?
Nuclear Physics: Crash Course Physics #45,https://www.youtube.com/watch?v=ylOpide9dus&list=PL8dPuuaLjXtOVe7Q88hA-IJ1l6BkzxxDC&index=100&pp=iAQB,921K views,7 years ago,https://i.ytimg.com/vi/cj8dDTHGJBY/hqdefault.jpg?sqp=-oaymwEbCKgBEF5IVfKriqkDDggBFQAAiEIYAXABwAEG&rs=AOn4CLCuE6w2jPO33JC4DHb-hoDbQN-sAQ,Thank you very much for sharing your knowledge. I'm civil engineer and I remember we vaguely study this in our chimistry class
Nuclear Physics: Crash Course Physics #45,https://www.youtube.com/watch?v=ylOpide9dus&list=PL8dPuuaLjXtOVe7Q88hA-IJ1l6BkzxxDC&index=100&pp=iAQB,921K views,7 years ago,https://i.ytimg.com/vi/cj8dDTHGJBY/hqdefault.jpg?sqp=-oaymwEbCKgBEF5IVfKriqkDDggBFQAAiEIYAXABwAEG&rs=AOn4CLCuE6w2jPO33JC4DHb-hoDbQN-sAQ,"Lol, at 0:50, it says ""In 2020, CERN opens a cosmic portal and unleashes C'thulu, who runs for office and wins"", also ""neutrinos have mass and it's a massive deal."""
Nuclear Physics: Crash Course Physics #45,https://www.youtube.com/watch?v=ylOpide9dus&list=PL8dPuuaLjXtOVe7Q88hA-IJ1l6BkzxxDC&index=100&pp=iAQB,921K views,7 years ago,https://i.ytimg.com/vi/cj8dDTHGJBY/hqdefault.jpg?sqp=-oaymwEbCKgBEF5IVfKriqkDDggBFQAAiEIYAXABwAEG&rs=AOn4CLCuE6w2jPO33JC4DHb-hoDbQN-sAQ,Also the equation E=MC2 and Einsteins paper on the general theory of relativity states that mass is a form of energy.
Nuclear Physics: Crash Course Physics #45,https://www.youtube.com/watch?v=ylOpide9dus&list=PL8dPuuaLjXtOVe7Q88hA-IJ1l6BkzxxDC&index=100&pp=iAQB,921K views,7 years ago,https://i.ytimg.com/vi/cj8dDTHGJBY/hqdefault.jpg?sqp=-oaymwEbCKgBEF5IVfKriqkDDggBFQAAiEIYAXABwAEG&rs=AOn4CLCuE6w2jPO33JC4DHb-hoDbQN-sAQ,"Quite interesting, reading ocassionally about nuclear physics didn't really get me to self-study it, but upon hearing what the complex sounding words are, the subject became a lot more clear. This video felt like packing something apparently complex into a 2nd grade lesson, very easy."
Plato and Aristotle: Crash Course History of Science #3,https://www.youtube.com/watch?v=ylOpide9dus&list=PL8dPuuaLjXtOVe7Q88hA-IJ1l6BkzxxDC&index=100&pp=iAQB,1.6M views,6 years ago,https://i.ytimg.com/vi/cj8dDTHGJBY/hqdefault.jpg?sqp=-oaymwEbCKgBEF5IVfKriqkDDggBFQAAiEIYAXABwAEG&rs=AOn4CLCuE6w2jPO33JC4DHb-hoDbQN-sAQ,"Hey all. We got messages that this video was having issues being viewed. We're working on fixing it but it's a bit of a mystery. Thanks for your patience. 

- Nick J."
Plato and Aristotle: Crash Course History of Science #3,https://www.youtube.com/watch?v=ylOpide9dus&list=PL8dPuuaLjXtOVe7Q88hA-IJ1l6BkzxxDC&index=100&pp=iAQB,1.6M views,6 years ago,https://i.ytimg.com/vi/cj8dDTHGJBY/hqdefault.jpg?sqp=-oaymwEbCKgBEF5IVfKriqkDDggBFQAAiEIYAXABwAEG&rs=AOn4CLCuE6w2jPO33JC4DHb-hoDbQN-sAQ,"""Only Aristotle wrote more than Plato""

Euclid: laughs in the Elements"
Plato and Aristotle: Crash Course History of Science #3,https://www.youtube.com/watch?v=ylOpide9dus&list=PL8dPuuaLjXtOVe7Q88hA-IJ1l6BkzxxDC&index=100&pp=iAQB,1.6M views,6 years ago,https://i.ytimg.com/vi/cj8dDTHGJBY/hqdefault.jpg?sqp=-oaymwEbCKgBEF5IVfKriqkDDggBFQAAiEIYAXABwAEG&rs=AOn4CLCuE6w2jPO33JC4DHb-hoDbQN-sAQ,"Aristotle was pretty smart, but it’s crazy that it took 2000 years for someone (Galileo) to actually test his laws of Physics to see if they really worked."
Plato and Aristotle: Crash Course History of Science #3,https://www.youtube.com/watch?v=ylOpide9dus&list=PL8dPuuaLjXtOVe7Q88hA-IJ1l6BkzxxDC&index=100&pp=iAQB,1.6M views,6 years ago,https://i.ytimg.com/vi/cj8dDTHGJBY/hqdefault.jpg?sqp=-oaymwEbCKgBEF5IVfKriqkDDggBFQAAiEIYAXABwAEG&rs=AOn4CLCuE6w2jPO33JC4DHb-hoDbQN-sAQ,Looks like Plato’s giving Aristotle a haircut in the thumbnail. Probably using Occam’s razor.
Plato and Aristotle: Crash Course History of Science #3,https://www.youtube.com/watch?v=ylOpide9dus&list=PL8dPuuaLjXtOVe7Q88hA-IJ1l6BkzxxDC&index=100&pp=iAQB,1.6M views,6 years ago,https://i.ytimg.com/vi/cj8dDTHGJBY/hqdefault.jpg?sqp=-oaymwEbCKgBEF5IVfKriqkDDggBFQAAiEIYAXABwAEG&rs=AOn4CLCuE6w2jPO33JC4DHb-hoDbQN-sAQ,I’ve read that most of Aristotle’s surviving works were not actually written down by him. Instead they’re lecture notes taken by his students and organized by topic.
Plato and Aristotle: Crash Course History of Science #3,https://www.youtube.com/watch?v=ylOpide9dus&list=PL8dPuuaLjXtOVe7Q88hA-IJ1l6BkzxxDC&index=100&pp=iAQB,1.6M views,6 years ago,https://i.ytimg.com/vi/cj8dDTHGJBY/hqdefault.jpg?sqp=-oaymwEbCKgBEF5IVfKriqkDDggBFQAAiEIYAXABwAEG&rs=AOn4CLCuE6w2jPO33JC4DHb-hoDbQN-sAQ,5:43 so Plato created the Infinity Stones?
Plato and Aristotle: Crash Course History of Science #3,https://www.youtube.com/watch?v=ylOpide9dus&list=PL8dPuuaLjXtOVe7Q88hA-IJ1l6BkzxxDC&index=100&pp=iAQB,1.6M views,6 years ago,https://i.ytimg.com/vi/cj8dDTHGJBY/hqdefault.jpg?sqp=-oaymwEbCKgBEF5IVfKriqkDDggBFQAAiEIYAXABwAEG&rs=AOn4CLCuE6w2jPO33JC4DHb-hoDbQN-sAQ,"Aristotle, a philosopher so great that during the Middle Ages they only needed to say the Philosopher and everyone knew about which one they were talking, Thomas Aquinas called him the great teacher."
Plato and Aristotle: Crash Course History of Science #3,https://www.youtube.com/watch?v=ylOpide9dus&list=PL8dPuuaLjXtOVe7Q88hA-IJ1l6BkzxxDC&index=100&pp=iAQB,1.6M views,6 years ago,https://i.ytimg.com/vi/cj8dDTHGJBY/hqdefault.jpg?sqp=-oaymwEbCKgBEF5IVfKriqkDDggBFQAAiEIYAXABwAEG&rs=AOn4CLCuE6w2jPO33JC4DHb-hoDbQN-sAQ,"This idea of the atoms (and molecules) having different shapes is remarkably accurate,  as we can see in crystallization. The ice crystal for example, is shaped that way because of the shape of the H2O molecule and the way they fit/bond together."
Plato and Aristotle: Crash Course History of Science #3,https://www.youtube.com/watch?v=ylOpide9dus&list=PL8dPuuaLjXtOVe7Q88hA-IJ1l6BkzxxDC&index=100&pp=iAQB,1.6M views,6 years ago,https://i.ytimg.com/vi/cj8dDTHGJBY/hqdefault.jpg?sqp=-oaymwEbCKgBEF5IVfKriqkDDggBFQAAiEIYAXABwAEG&rs=AOn4CLCuE6w2jPO33JC4DHb-hoDbQN-sAQ,"""Like a giant set of D&D dice.""
NERD!
Seriously, that made my day."
Plato and Aristotle: Crash Course History of Science #3,https://www.youtube.com/watch?v=ylOpide9dus&list=PL8dPuuaLjXtOVe7Q88hA-IJ1l6BkzxxDC&index=100&pp=iAQB,1.6M views,6 years ago,https://i.ytimg.com/vi/cj8dDTHGJBY/hqdefault.jpg?sqp=-oaymwEbCKgBEF5IVfKriqkDDggBFQAAiEIYAXABwAEG&rs=AOn4CLCuE6w2jPO33JC4DHb-hoDbQN-sAQ,I too have a vegitative soul
Plato and Aristotle: Crash Course History of Science #3,https://www.youtube.com/watch?v=ylOpide9dus&list=PL8dPuuaLjXtOVe7Q88hA-IJ1l6BkzxxDC&index=100&pp=iAQB,1.6M views,6 years ago,https://i.ytimg.com/vi/cj8dDTHGJBY/hqdefault.jpg?sqp=-oaymwEbCKgBEF5IVfKriqkDDggBFQAAiEIYAXABwAEG&rs=AOn4CLCuE6w2jPO33JC4DHb-hoDbQN-sAQ,"Thankyou for talking about Socrates, that dude needs way more recognition among common people"
Plato and Aristotle: Crash Course History of Science #3,https://www.youtube.com/watch?v=ylOpide9dus&list=PL8dPuuaLjXtOVe7Q88hA-IJ1l6BkzxxDC&index=100&pp=iAQB,1.6M views,6 years ago,https://i.ytimg.com/vi/cj8dDTHGJBY/hqdefault.jpg?sqp=-oaymwEbCKgBEF5IVfKriqkDDggBFQAAiEIYAXABwAEG&rs=AOn4CLCuE6w2jPO33JC4DHb-hoDbQN-sAQ,These graphics and animations are so cute! I appreciate all the work that must go into these videos
Plato and Aristotle: Crash Course History of Science #3,https://www.youtube.com/watch?v=ylOpide9dus&list=PL8dPuuaLjXtOVe7Q88hA-IJ1l6BkzxxDC&index=100&pp=iAQB,1.6M views,6 years ago,https://i.ytimg.com/vi/cj8dDTHGJBY/hqdefault.jpg?sqp=-oaymwEbCKgBEF5IVfKriqkDDggBFQAAiEIYAXABwAEG&rs=AOn4CLCuE6w2jPO33JC4DHb-hoDbQN-sAQ,"This series is literally the course I took last semester, and I wish i had it back then.."
Plato and Aristotle: Crash Course History of Science #3,https://www.youtube.com/watch?v=ylOpide9dus&list=PL8dPuuaLjXtOVe7Q88hA-IJ1l6BkzxxDC&index=100&pp=iAQB,1.6M views,6 years ago,https://i.ytimg.com/vi/cj8dDTHGJBY/hqdefault.jpg?sqp=-oaymwEbCKgBEF5IVfKriqkDDggBFQAAiEIYAXABwAEG&rs=AOn4CLCuE6w2jPO33JC4DHb-hoDbQN-sAQ,I've been watching your channel for years. The fact that ya'll are dropping DnD references makes me love you all sooo much more.
Plato and Aristotle: Crash Course History of Science #3,https://www.youtube.com/watch?v=ylOpide9dus&list=PL8dPuuaLjXtOVe7Q88hA-IJ1l6BkzxxDC&index=100&pp=iAQB,1.6M views,6 years ago,https://i.ytimg.com/vi/cj8dDTHGJBY/hqdefault.jpg?sqp=-oaymwEbCKgBEF5IVfKriqkDDggBFQAAiEIYAXABwAEG&rs=AOn4CLCuE6w2jPO33JC4DHb-hoDbQN-sAQ,"Here’s a book recommendation to accompany this lesson: “The Cave and the Light: Plato Versus Aristotle, and the Struggle for the Soul of Western Civilization” by Arthur L. Herman. The book discusses the differences in the thinking of the two philosophers, and then traces their respective schools of thought through the ensuing history. Sometimes it’s tempting to think disciplines like philosophy, science, and history exist in separate silos, but they all influence each other.

In other news: The plush Hanklerfish I ordered (like the one in the background set, only purple) arrived in the mail today, much to the confusion of my cat. DFTBA!"
Plato and Aristotle: Crash Course History of Science #3,https://www.youtube.com/watch?v=ylOpide9dus&list=PL8dPuuaLjXtOVe7Q88hA-IJ1l6BkzxxDC&index=100&pp=iAQB,1.6M views,6 years ago,https://i.ytimg.com/vi/cj8dDTHGJBY/hqdefault.jpg?sqp=-oaymwEbCKgBEF5IVfKriqkDDggBFQAAiEIYAXABwAEG&rs=AOn4CLCuE6w2jPO33JC4DHb-hoDbQN-sAQ,enjoying them so far . Thank you to the animators. I absolutely love their work. And of course thank you for the availability to study outside school.
Plato and Aristotle: Crash Course History of Science #3,https://www.youtube.com/watch?v=ylOpide9dus&list=PL8dPuuaLjXtOVe7Q88hA-IJ1l6BkzxxDC&index=100&pp=iAQB,1.6M views,6 years ago,https://i.ytimg.com/vi/cj8dDTHGJBY/hqdefault.jpg?sqp=-oaymwEbCKgBEF5IVfKriqkDDggBFQAAiEIYAXABwAEG&rs=AOn4CLCuE6w2jPO33JC4DHb-hoDbQN-sAQ,HEY! YOU GOT YOUR SCIENCE IN MY PHILOSOPHY!
Plato and Aristotle: Crash Course History of Science #3,https://www.youtube.com/watch?v=ylOpide9dus&list=PL8dPuuaLjXtOVe7Q88hA-IJ1l6BkzxxDC&index=100&pp=iAQB,1.6M views,6 years ago,https://i.ytimg.com/vi/cj8dDTHGJBY/hqdefault.jpg?sqp=-oaymwEbCKgBEF5IVfKriqkDDggBFQAAiEIYAXABwAEG&rs=AOn4CLCuE6w2jPO33JC4DHb-hoDbQN-sAQ,"""Socrates, himself, was permanently pissed; Yes, Socrates himself is particularly missed
A lovely little thinker, but a bugger when he's pissed""
~Monty Python"
Plato and Aristotle: Crash Course History of Science #3,https://www.youtube.com/watch?v=ylOpide9dus&list=PL8dPuuaLjXtOVe7Q88hA-IJ1l6BkzxxDC&index=100&pp=iAQB,1.6M views,6 years ago,https://i.ytimg.com/vi/cj8dDTHGJBY/hqdefault.jpg?sqp=-oaymwEbCKgBEF5IVfKriqkDDggBFQAAiEIYAXABwAEG&rs=AOn4CLCuE6w2jPO33JC4DHb-hoDbQN-sAQ,"""After Alexander died young, Aristotle went back to Athens..."" This is incorrect. Aristotle had founded the Lyceum in Athens over a decade prior to Alexander dying in 323 BC. In fact, Alexander dying caused Aristotle to flee Athens due to growing anti-Macedonian sentiment."
Plato and Aristotle: Crash Course History of Science #3,https://www.youtube.com/watch?v=ylOpide9dus&list=PL8dPuuaLjXtOVe7Q88hA-IJ1l6BkzxxDC&index=100&pp=iAQB,1.6M views,6 years ago,https://i.ytimg.com/vi/cj8dDTHGJBY/hqdefault.jpg?sqp=-oaymwEbCKgBEF5IVfKriqkDDggBFQAAiEIYAXABwAEG&rs=AOn4CLCuE6w2jPO33JC4DHb-hoDbQN-sAQ,"I am both a Platonist and an Aristotlean, they both were great thinkers."
The Scientific Methods: Crash Course History of Science #14,https://www.youtube.com/watch?v=ylOpide9dus&list=PL8dPuuaLjXtOVe7Q88hA-IJ1l6BkzxxDC&index=100&pp=iAQB,741K views,5 years ago,https://i.ytimg.com/vi/cj8dDTHGJBY/hqdefault.jpg?sqp=-oaymwEbCKgBEF5IVfKriqkDDggBFQAAiEIYAXABwAEG&rs=AOn4CLCuE6w2jPO33JC4DHb-hoDbQN-sAQ,"1:21 Galileo
6:00 Bacon
9:05 Descartes"
The Scientific Methods: Crash Course History of Science #14,https://www.youtube.com/watch?v=ylOpide9dus&list=PL8dPuuaLjXtOVe7Q88hA-IJ1l6BkzxxDC&index=100&pp=iAQB,741K views,5 years ago,https://i.ytimg.com/vi/cj8dDTHGJBY/hqdefault.jpg?sqp=-oaymwEbCKgBEF5IVfKriqkDDggBFQAAiEIYAXABwAEG&rs=AOn4CLCuE6w2jPO33JC4DHb-hoDbQN-sAQ,"The first principle of science is that you must not fool yourself, and you are the easiest person to fool.

- Feynman"
The Scientific Methods: Crash Course History of Science #14,https://www.youtube.com/watch?v=ylOpide9dus&list=PL8dPuuaLjXtOVe7Q88hA-IJ1l6BkzxxDC&index=100&pp=iAQB,741K views,5 years ago,https://i.ytimg.com/vi/cj8dDTHGJBY/hqdefault.jpg?sqp=-oaymwEbCKgBEF5IVfKriqkDDggBFQAAiEIYAXABwAEG&rs=AOn4CLCuE6w2jPO33JC4DHb-hoDbQN-sAQ,"I usually stick to History and Literature crashcourse, but I just happened to click on this in my subscription box and loved it. Entertaining and informative. Thank you!"
The Scientific Methods: Crash Course History of Science #14,https://www.youtube.com/watch?v=ylOpide9dus&list=PL8dPuuaLjXtOVe7Q88hA-IJ1l6BkzxxDC&index=100&pp=iAQB,741K views,5 years ago,https://i.ytimg.com/vi/cj8dDTHGJBY/hqdefault.jpg?sqp=-oaymwEbCKgBEF5IVfKriqkDDggBFQAAiEIYAXABwAEG&rs=AOn4CLCuE6w2jPO33JC4DHb-hoDbQN-sAQ,It's really hard to present topics like this in an interesting way. Amazing approach. Thanks!
The Scientific Methods: Crash Course History of Science #14,https://www.youtube.com/watch?v=ylOpide9dus&list=PL8dPuuaLjXtOVe7Q88hA-IJ1l6BkzxxDC&index=100&pp=iAQB,741K views,5 years ago,https://i.ytimg.com/vi/cj8dDTHGJBY/hqdefault.jpg?sqp=-oaymwEbCKgBEF5IVfKriqkDDggBFQAAiEIYAXABwAEG&rs=AOn4CLCuE6w2jPO33JC4DHb-hoDbQN-sAQ,"Forgot to mention that Galileo gave Pope Urban's views on heliocentrism in the Dialogue Concerning the Two Chief World Systems to a character called ""Simplicio"", which had the Italian connotation of ""simpleton"". So he was kind of asking for harsh treatment there. He was still a pretty good scientist, but he really liked to start fights."
The Scientific Methods: Crash Course History of Science #14,https://www.youtube.com/watch?v=ylOpide9dus&list=PL8dPuuaLjXtOVe7Q88hA-IJ1l6BkzxxDC&index=100&pp=iAQB,741K views,5 years ago,https://i.ytimg.com/vi/cj8dDTHGJBY/hqdefault.jpg?sqp=-oaymwEbCKgBEF5IVfKriqkDDggBFQAAiEIYAXABwAEG&rs=AOn4CLCuE6w2jPO33JC4DHb-hoDbQN-sAQ,"Galileo's time as a shipwright is well worth mentioning, his time looking at mathematics of rowing and quinqueremes is one of the most important and understated parts of his life, the group of shipwrights at the Arsenal while he was there are easily worthwhile mentioning as their own school of thinking making significant changes to their fields."
The Scientific Methods: Crash Course History of Science #14,https://www.youtube.com/watch?v=ylOpide9dus&list=PL8dPuuaLjXtOVe7Q88hA-IJ1l6BkzxxDC&index=100&pp=iAQB,741K views,5 years ago,https://i.ytimg.com/vi/cj8dDTHGJBY/hqdefault.jpg?sqp=-oaymwEbCKgBEF5IVfKriqkDDggBFQAAiEIYAXABwAEG&rs=AOn4CLCuE6w2jPO33JC4DHb-hoDbQN-sAQ,"I am finishing up my Astronomy class this week, but nobody has mentioned this story about Galileo writing the beautiful and profound statement to the Duchess. I am going to post this on my wall! Thank you for sharing!! And now we know it’s not actually Turtles All The Way Down (couldn’t help it, sorry! Great book, btw!)"
The Scientific Methods: Crash Course History of Science #14,https://www.youtube.com/watch?v=ylOpide9dus&list=PL8dPuuaLjXtOVe7Q88hA-IJ1l6BkzxxDC&index=100&pp=iAQB,741K views,5 years ago,https://i.ytimg.com/vi/cj8dDTHGJBY/hqdefault.jpg?sqp=-oaymwEbCKgBEF5IVfKriqkDDggBFQAAiEIYAXABwAEG&rs=AOn4CLCuE6w2jPO33JC4DHb-hoDbQN-sAQ,"Galileo: ""Objection!"""
The Scientific Methods: Crash Course History of Science #14,https://www.youtube.com/watch?v=ylOpide9dus&list=PL8dPuuaLjXtOVe7Q88hA-IJ1l6BkzxxDC&index=100&pp=iAQB,741K views,5 years ago,https://i.ytimg.com/vi/cj8dDTHGJBY/hqdefault.jpg?sqp=-oaymwEbCKgBEF5IVfKriqkDDggBFQAAiEIYAXABwAEG&rs=AOn4CLCuE6w2jPO33JC4DHb-hoDbQN-sAQ,"I saw this in my feed today, I never even knew you guys were doing this crash course science history. I will be watching the others "
The Scientific Methods: Crash Course History of Science #14,https://www.youtube.com/watch?v=ylOpide9dus&list=PL8dPuuaLjXtOVe7Q88hA-IJ1l6BkzxxDC&index=100&pp=iAQB,741K views,5 years ago,https://i.ytimg.com/vi/cj8dDTHGJBY/hqdefault.jpg?sqp=-oaymwEbCKgBEF5IVfKriqkDDggBFQAAiEIYAXABwAEG&rs=AOn4CLCuE6w2jPO33JC4DHb-hoDbQN-sAQ,High school freshmen where are y’all
The Scientific Methods: Crash Course History of Science #14,https://www.youtube.com/watch?v=ylOpide9dus&list=PL8dPuuaLjXtOVe7Q88hA-IJ1l6BkzxxDC&index=100&pp=iAQB,741K views,5 years ago,https://i.ytimg.com/vi/cj8dDTHGJBY/hqdefault.jpg?sqp=-oaymwEbCKgBEF5IVfKriqkDDggBFQAAiEIYAXABwAEG&rs=AOn4CLCuE6w2jPO33JC4DHb-hoDbQN-sAQ,love the monty python reference... personally i feel that was one of michael palan's best two skits 
The Scientific Methods: Crash Course History of Science #14,https://www.youtube.com/watch?v=ylOpide9dus&list=PL8dPuuaLjXtOVe7Q88hA-IJ1l6BkzxxDC&index=100&pp=iAQB,741K views,5 years ago,https://i.ytimg.com/vi/cj8dDTHGJBY/hqdefault.jpg?sqp=-oaymwEbCKgBEF5IVfKriqkDDggBFQAAiEIYAXABwAEG&rs=AOn4CLCuE6w2jPO33JC4DHb-hoDbQN-sAQ,Galileo? You can't mention Galileo without also talking about Figaro. AND while you're at it can scientists tell us if Scaramouche could do the fandango. What's the point of science if it can't answer that question?
The Scientific Methods: Crash Course History of Science #14,https://www.youtube.com/watch?v=ylOpide9dus&list=PL8dPuuaLjXtOVe7Q88hA-IJ1l6BkzxxDC&index=100&pp=iAQB,741K views,5 years ago,https://i.ytimg.com/vi/cj8dDTHGJBY/hqdefault.jpg?sqp=-oaymwEbCKgBEF5IVfKriqkDDggBFQAAiEIYAXABwAEG&rs=AOn4CLCuE6w2jPO33JC4DHb-hoDbQN-sAQ,This was an interesting video. I'm inspired to learn more science and math thanks to your channel
The Scientific Methods: Crash Course History of Science #14,https://www.youtube.com/watch?v=ylOpide9dus&list=PL8dPuuaLjXtOVe7Q88hA-IJ1l6BkzxxDC&index=100&pp=iAQB,741K views,5 years ago,https://i.ytimg.com/vi/cj8dDTHGJBY/hqdefault.jpg?sqp=-oaymwEbCKgBEF5IVfKriqkDDggBFQAAiEIYAXABwAEG&rs=AOn4CLCuE6w2jPO33JC4DHb-hoDbQN-sAQ,"Damn this is growing to be my favorite CC series, thanks team!"
The Scientific Methods: Crash Course History of Science #14,https://www.youtube.com/watch?v=ylOpide9dus&list=PL8dPuuaLjXtOVe7Q88hA-IJ1l6BkzxxDC&index=100&pp=iAQB,741K views,5 years ago,https://i.ytimg.com/vi/cj8dDTHGJBY/hqdefault.jpg?sqp=-oaymwEbCKgBEF5IVfKriqkDDggBFQAAiEIYAXABwAEG&rs=AOn4CLCuE6w2jPO33JC4DHb-hoDbQN-sAQ,"I always liked Bacon's brilliantly terse quote, ""Nature to be commanded, must be obeyed."" If you want to get things done then you have to play by Nature's rules."
The Scientific Methods: Crash Course History of Science #14,https://www.youtube.com/watch?v=ylOpide9dus&list=PL8dPuuaLjXtOVe7Q88hA-IJ1l6BkzxxDC&index=100&pp=iAQB,741K views,5 years ago,https://i.ytimg.com/vi/cj8dDTHGJBY/hqdefault.jpg?sqp=-oaymwEbCKgBEF5IVfKriqkDDggBFQAAiEIYAXABwAEG&rs=AOn4CLCuE6w2jPO33JC4DHb-hoDbQN-sAQ,You Green brothers are frickin’ awesome!
The Scientific Methods: Crash Course History of Science #14,https://www.youtube.com/watch?v=ylOpide9dus&list=PL8dPuuaLjXtOVe7Q88hA-IJ1l6BkzxxDC&index=100&pp=iAQB,741K views,5 years ago,https://i.ytimg.com/vi/cj8dDTHGJBY/hqdefault.jpg?sqp=-oaymwEbCKgBEF5IVfKriqkDDggBFQAAiEIYAXABwAEG&rs=AOn4CLCuE6w2jPO33JC4DHb-hoDbQN-sAQ,who's all here cuase of your teacher gave you a link to here for class
The Scientific Methods: Crash Course History of Science #14,https://www.youtube.com/watch?v=ylOpide9dus&list=PL8dPuuaLjXtOVe7Q88hA-IJ1l6BkzxxDC&index=100&pp=iAQB,741K views,5 years ago,https://i.ytimg.com/vi/cj8dDTHGJBY/hqdefault.jpg?sqp=-oaymwEbCKgBEF5IVfKriqkDDggBFQAAiEIYAXABwAEG&rs=AOn4CLCuE6w2jPO33JC4DHb-hoDbQN-sAQ,"Regarding Galileo's telescope: There are many great science Youtube shows dealing with the people of science and the ideas of science, but I haven't been able to find any good science Youtube shows looking at the tools of science. A scientist's tools are their eyes and ears to a world they usually can't perceive. Yet, little mention is made of these fantastic contraptions."
The Scientific Methods: Crash Course History of Science #14,https://www.youtube.com/watch?v=ylOpide9dus&list=PL8dPuuaLjXtOVe7Q88hA-IJ1l6BkzxxDC&index=100&pp=iAQB,741K views,5 years ago,https://i.ytimg.com/vi/cj8dDTHGJBY/hqdefault.jpg?sqp=-oaymwEbCKgBEF5IVfKriqkDDggBFQAAiEIYAXABwAEG&rs=AOn4CLCuE6w2jPO33JC4DHb-hoDbQN-sAQ,"This was so interesting! While I am very familiar with the Scientific Method, I never knew about the history surrounding it and how it came to be."
The Scientific Methods: Crash Course History of Science #14,https://www.youtube.com/watch?v=ylOpide9dus&list=PL8dPuuaLjXtOVe7Q88hA-IJ1l6BkzxxDC&index=100&pp=iAQB,741K views,5 years ago,https://i.ytimg.com/vi/cj8dDTHGJBY/hqdefault.jpg?sqp=-oaymwEbCKgBEF5IVfKriqkDDggBFQAAiEIYAXABwAEG&rs=AOn4CLCuE6w2jPO33JC4DHb-hoDbQN-sAQ,LOVING Hank’s giggles.
Thermodynamics: Crash Course History of Science #26,https://www.youtube.com/watch?v=ylOpide9dus&list=PL8dPuuaLjXtOVe7Q88hA-IJ1l6BkzxxDC&index=100&pp=iAQB,283K views,5 years ago,https://i.ytimg.com/vi/cj8dDTHGJBY/hqdefault.jpg?sqp=-oaymwEbCKgBEF5IVfKriqkDDggBFQAAiEIYAXABwAEG&rs=AOn4CLCuE6w2jPO33JC4DHb-hoDbQN-sAQ,"1:28 
""In fact Ether was the explanation for many unknown phenomena in the 18th century.""

The year 2215:
""In fact Dark Matter was the explanation for many unknown phenomena in the 21st century"""
Thermodynamics: Crash Course History of Science #26,https://www.youtube.com/watch?v=ylOpide9dus&list=PL8dPuuaLjXtOVe7Q88hA-IJ1l6BkzxxDC&index=100&pp=iAQB,283K views,5 years ago,https://i.ytimg.com/vi/cj8dDTHGJBY/hqdefault.jpg?sqp=-oaymwEbCKgBEF5IVfKriqkDDggBFQAAiEIYAXABwAEG&rs=AOn4CLCuE6w2jPO33JC4DHb-hoDbQN-sAQ,""" In this house we obey the laws of thermodynamics"""
Thermodynamics: Crash Course History of Science #26,https://www.youtube.com/watch?v=ylOpide9dus&list=PL8dPuuaLjXtOVe7Q88hA-IJ1l6BkzxxDC&index=100&pp=iAQB,283K views,5 years ago,https://i.ytimg.com/vi/cj8dDTHGJBY/hqdefault.jpg?sqp=-oaymwEbCKgBEF5IVfKriqkDDggBFQAAiEIYAXABwAEG&rs=AOn4CLCuE6w2jPO33JC4DHb-hoDbQN-sAQ,"""What did you do on your honeymoon?""
""Man you KNOW I forced water through a perforated cylinder.""
""Niiiiiiice"""
Thermodynamics: Crash Course History of Science #26,https://www.youtube.com/watch?v=ylOpide9dus&list=PL8dPuuaLjXtOVe7Q88hA-IJ1l6BkzxxDC&index=100&pp=iAQB,283K views,5 years ago,https://i.ytimg.com/vi/cj8dDTHGJBY/hqdefault.jpg?sqp=-oaymwEbCKgBEF5IVfKriqkDDggBFQAAiEIYAXABwAEG&rs=AOn4CLCuE6w2jPO33JC4DHb-hoDbQN-sAQ,Love the animation of Joule’s honeymoon. Great work guys! 
Thermodynamics: Crash Course History of Science #26,https://www.youtube.com/watch?v=ylOpide9dus&list=PL8dPuuaLjXtOVe7Q88hA-IJ1l6BkzxxDC&index=100&pp=iAQB,283K views,5 years ago,https://i.ytimg.com/vi/cj8dDTHGJBY/hqdefault.jpg?sqp=-oaymwEbCKgBEF5IVfKriqkDDggBFQAAiEIYAXABwAEG&rs=AOn4CLCuE6w2jPO33JC4DHb-hoDbQN-sAQ,It looks like Joule’s wife wanted to measure the heat produced by reciprocating linear motion.
Thermodynamics: Crash Course History of Science #26,https://www.youtube.com/watch?v=ylOpide9dus&list=PL8dPuuaLjXtOVe7Q88hA-IJ1l6BkzxxDC&index=100&pp=iAQB,283K views,5 years ago,https://i.ytimg.com/vi/cj8dDTHGJBY/hqdefault.jpg?sqp=-oaymwEbCKgBEF5IVfKriqkDDggBFQAAiEIYAXABwAEG&rs=AOn4CLCuE6w2jPO33JC4DHb-hoDbQN-sAQ,"I thought of an idea for a new little side series: Crash Course Spotlight. It would be a series where people who were talked about in different crash course series get their own videos to be talked about in more depth. So for example Hank Green and Dr. Somara would have an episode where they talk about Nicolas Carnot (as he was talked about in both the Engineering series and here on the History of Science series).  They would go over his importance to both of those series, and then go into more detail about his life and work. It could even just be added material for the Crash Course Recess series as well. Either way I think it would be nice to give light to how the work of different people have shaped many fields in multiple ways."
Thermodynamics: Crash Course History of Science #26,https://www.youtube.com/watch?v=ylOpide9dus&list=PL8dPuuaLjXtOVe7Q88hA-IJ1l6BkzxxDC&index=100&pp=iAQB,283K views,5 years ago,https://i.ytimg.com/vi/cj8dDTHGJBY/hqdefault.jpg?sqp=-oaymwEbCKgBEF5IVfKriqkDDggBFQAAiEIYAXABwAEG&rs=AOn4CLCuE6w2jPO33JC4DHb-hoDbQN-sAQ,"This episode makes it more understandable how scientists at the time thought that they were just on the brink of solving science and creating a unified theory of everything. Like thermodynamics just showed up and suddenly made a ton of connections, it seemed only a matter of time and experimentation before we'd have a working theory of everything. However ovens happened."
Thermodynamics: Crash Course History of Science #26,https://www.youtube.com/watch?v=ylOpide9dus&list=PL8dPuuaLjXtOVe7Q88hA-IJ1l6BkzxxDC&index=100&pp=iAQB,283K views,5 years ago,https://i.ytimg.com/vi/cj8dDTHGJBY/hqdefault.jpg?sqp=-oaymwEbCKgBEF5IVfKriqkDDggBFQAAiEIYAXABwAEG&rs=AOn4CLCuE6w2jPO33JC4DHb-hoDbQN-sAQ,Wishing everyone a wonderful week
Thermodynamics: Crash Course History of Science #26,https://www.youtube.com/watch?v=ylOpide9dus&list=PL8dPuuaLjXtOVe7Q88hA-IJ1l6BkzxxDC&index=100&pp=iAQB,283K views,5 years ago,https://i.ytimg.com/vi/cj8dDTHGJBY/hqdefault.jpg?sqp=-oaymwEbCKgBEF5IVfKriqkDDggBFQAAiEIYAXABwAEG&rs=AOn4CLCuE6w2jPO33JC4DHb-hoDbQN-sAQ,What a feeling when you get a video from both John and Hank on the same day
Thermodynamics: Crash Course History of Science #26,https://www.youtube.com/watch?v=ylOpide9dus&list=PL8dPuuaLjXtOVe7Q88hA-IJ1l6BkzxxDC&index=100&pp=iAQB,283K views,5 years ago,https://i.ytimg.com/vi/cj8dDTHGJBY/hqdefault.jpg?sqp=-oaymwEbCKgBEF5IVfKriqkDDggBFQAAiEIYAXABwAEG&rs=AOn4CLCuE6w2jPO33JC4DHb-hoDbQN-sAQ,How diverse topic you  teach...... From ethics to thermodynamics..... To the point ... Cristal clear .... Hats off.... Love from India......
Thermodynamics: Crash Course History of Science #26,https://www.youtube.com/watch?v=ylOpide9dus&list=PL8dPuuaLjXtOVe7Q88hA-IJ1l6BkzxxDC&index=100&pp=iAQB,283K views,5 years ago,https://i.ytimg.com/vi/cj8dDTHGJBY/hqdefault.jpg?sqp=-oaymwEbCKgBEF5IVfKriqkDDggBFQAAiEIYAXABwAEG&rs=AOn4CLCuE6w2jPO33JC4DHb-hoDbQN-sAQ,Science!
Thermodynamics: Crash Course History of Science #26,https://www.youtube.com/watch?v=ylOpide9dus&list=PL8dPuuaLjXtOVe7Q88hA-IJ1l6BkzxxDC&index=100&pp=iAQB,283K views,5 years ago,https://i.ytimg.com/vi/cj8dDTHGJBY/hqdefault.jpg?sqp=-oaymwEbCKgBEF5IVfKriqkDDggBFQAAiEIYAXABwAEG&rs=AOn4CLCuE6w2jPO33JC4DHb-hoDbQN-sAQ,Thermodynamics... That's lit ! 
Thermodynamics: Crash Course History of Science #26,https://www.youtube.com/watch?v=ylOpide9dus&list=PL8dPuuaLjXtOVe7Q88hA-IJ1l6BkzxxDC&index=100&pp=iAQB,283K views,5 years ago,https://i.ytimg.com/vi/cj8dDTHGJBY/hqdefault.jpg?sqp=-oaymwEbCKgBEF5IVfKriqkDDggBFQAAiEIYAXABwAEG&rs=AOn4CLCuE6w2jPO33JC4DHb-hoDbQN-sAQ,This series is the best crash course yet
Thermodynamics: Crash Course History of Science #26,https://www.youtube.com/watch?v=ylOpide9dus&list=PL8dPuuaLjXtOVe7Q88hA-IJ1l6BkzxxDC&index=100&pp=iAQB,283K views,5 years ago,https://i.ytimg.com/vi/cj8dDTHGJBY/hqdefault.jpg?sqp=-oaymwEbCKgBEF5IVfKriqkDDggBFQAAiEIYAXABwAEG&rs=AOn4CLCuE6w2jPO33JC4DHb-hoDbQN-sAQ,"just spent a marathon watching his videos from 6 years ago, and hes so old now! So precious :)"
Thermodynamics: Crash Course History of Science #26,https://www.youtube.com/watch?v=ylOpide9dus&list=PL8dPuuaLjXtOVe7Q88hA-IJ1l6BkzxxDC&index=100&pp=iAQB,283K views,5 years ago,https://i.ytimg.com/vi/cj8dDTHGJBY/hqdefault.jpg?sqp=-oaymwEbCKgBEF5IVfKriqkDDggBFQAAiEIYAXABwAEG&rs=AOn4CLCuE6w2jPO33JC4DHb-hoDbQN-sAQ,I love the new History of Science of series. Hank you out did yourself again. Keep it up.
Thermodynamics: Crash Course History of Science #26,https://www.youtube.com/watch?v=ylOpide9dus&list=PL8dPuuaLjXtOVe7Q88hA-IJ1l6BkzxxDC&index=100&pp=iAQB,283K views,5 years ago,https://i.ytimg.com/vi/cj8dDTHGJBY/hqdefault.jpg?sqp=-oaymwEbCKgBEF5IVfKriqkDDggBFQAAiEIYAXABwAEG&rs=AOn4CLCuE6w2jPO33JC4DHb-hoDbQN-sAQ,"I just realized that, since this is both a science series and a history series, shouldn't it be hosted by both Hank and John Green?"
Thermodynamics: Crash Course History of Science #26,https://www.youtube.com/watch?v=ylOpide9dus&list=PL8dPuuaLjXtOVe7Q88hA-IJ1l6BkzxxDC&index=100&pp=iAQB,283K views,5 years ago,https://i.ytimg.com/vi/cj8dDTHGJBY/hqdefault.jpg?sqp=-oaymwEbCKgBEF5IVfKriqkDDggBFQAAiEIYAXABwAEG&rs=AOn4CLCuE6w2jPO33JC4DHb-hoDbQN-sAQ,"Such a wonderful series, thank you very much for that extra bit of knowledge!"
Thermodynamics: Crash Course History of Science #26,https://www.youtube.com/watch?v=ylOpide9dus&list=PL8dPuuaLjXtOVe7Q88hA-IJ1l6BkzxxDC&index=100&pp=iAQB,283K views,5 years ago,https://i.ytimg.com/vi/cj8dDTHGJBY/hqdefault.jpg?sqp=-oaymwEbCKgBEF5IVfKriqkDDggBFQAAiEIYAXABwAEG&rs=AOn4CLCuE6w2jPO33JC4DHb-hoDbQN-sAQ,"I hope by the end of this series you guys would have managed to produce a timeline wall ornament, I would definitely buy a dozen."
Thermodynamics: Crash Course History of Science #26,https://www.youtube.com/watch?v=ylOpide9dus&list=PL8dPuuaLjXtOVe7Q88hA-IJ1l6BkzxxDC&index=100&pp=iAQB,283K views,5 years ago,https://i.ytimg.com/vi/cj8dDTHGJBY/hqdefault.jpg?sqp=-oaymwEbCKgBEF5IVfKriqkDDggBFQAAiEIYAXABwAEG&rs=AOn4CLCuE6w2jPO33JC4DHb-hoDbQN-sAQ,"It's so interesting to learn about the history of all sciences, especially the laws of thermodynamics and how they came to be."
Thermodynamics: Crash Course History of Science #26,https://www.youtube.com/watch?v=ylOpide9dus&list=PL8dPuuaLjXtOVe7Q88hA-IJ1l6BkzxxDC&index=100&pp=iAQB,283K views,5 years ago,https://i.ytimg.com/vi/cj8dDTHGJBY/hqdefault.jpg?sqp=-oaymwEbCKgBEF5IVfKriqkDDggBFQAAiEIYAXABwAEG&rs=AOn4CLCuE6w2jPO33JC4DHb-hoDbQN-sAQ,This series is so good! Thank you!
Marie Curie and Spooky Rays: Crash Course History of Science #31,https://www.youtube.com/watch?v=ylOpide9dus&list=PL8dPuuaLjXtOVe7Q88hA-IJ1l6BkzxxDC&index=100&pp=iAQB,270K views,5 years ago,https://i.ytimg.com/vi/cj8dDTHGJBY/hqdefault.jpg?sqp=-oaymwEbCKgBEF5IVfKriqkDDggBFQAAiEIYAXABwAEG&rs=AOn4CLCuE6w2jPO33JC4DHb-hoDbQN-sAQ,"Marie almost didn't win that first Nobel Prize, but her husband refused to accept it if she wasn't included. What a man.

Also, she actually had a pretty long life for those days. He was the one who died young, due to a carriage accident."
Marie Curie and Spooky Rays: Crash Course History of Science #31,https://www.youtube.com/watch?v=ylOpide9dus&list=PL8dPuuaLjXtOVe7Q88hA-IJ1l6BkzxxDC&index=100&pp=iAQB,270K views,5 years ago,https://i.ytimg.com/vi/cj8dDTHGJBY/hqdefault.jpg?sqp=-oaymwEbCKgBEF5IVfKriqkDDggBFQAAiEIYAXABwAEG&rs=AOn4CLCuE6w2jPO33JC4DHb-hoDbQN-sAQ,Pierre and Marie truly were a Nuclear Power couple.
Marie Curie and Spooky Rays: Crash Course History of Science #31,https://www.youtube.com/watch?v=ylOpide9dus&list=PL8dPuuaLjXtOVe7Q88hA-IJ1l6BkzxxDC&index=100&pp=iAQB,270K views,5 years ago,https://i.ytimg.com/vi/cj8dDTHGJBY/hqdefault.jpg?sqp=-oaymwEbCKgBEF5IVfKriqkDDggBFQAAiEIYAXABwAEG&rs=AOn4CLCuE6w2jPO33JC4DHb-hoDbQN-sAQ,"'Galileo became a mathematician after accidently attending a geometry lecture."" Dammn... I wish I could become a chemist after attending a chemistry lecture"
Marie Curie and Spooky Rays: Crash Course History of Science #31,https://www.youtube.com/watch?v=ylOpide9dus&list=PL8dPuuaLjXtOVe7Q88hA-IJ1l6BkzxxDC&index=100&pp=iAQB,270K views,5 years ago,https://i.ytimg.com/vi/cj8dDTHGJBY/hqdefault.jpg?sqp=-oaymwEbCKgBEF5IVfKriqkDDggBFQAAiEIYAXABwAEG&rs=AOn4CLCuE6w2jPO33JC4DHb-hoDbQN-sAQ,Marie Curie is one of the best of the best!  First ever to win 2 Nobel Prizes- and especially crazy because they were in different fields: 1 in Physics and the other in Chemistry.  This is a really great episode!!
Marie Curie and Spooky Rays: Crash Course History of Science #31,https://www.youtube.com/watch?v=ylOpide9dus&list=PL8dPuuaLjXtOVe7Q88hA-IJ1l6BkzxxDC&index=100&pp=iAQB,270K views,5 years ago,https://i.ytimg.com/vi/cj8dDTHGJBY/hqdefault.jpg?sqp=-oaymwEbCKgBEF5IVfKriqkDDggBFQAAiEIYAXABwAEG&rs=AOn4CLCuE6w2jPO33JC4DHb-hoDbQN-sAQ,"""The couple that sciences together, stays together."" - Words to live by 
‍
️‍
‍
️‍"
Marie Curie and Spooky Rays: Crash Course History of Science #31,https://www.youtube.com/watch?v=ylOpide9dus&list=PL8dPuuaLjXtOVe7Q88hA-IJ1l6BkzxxDC&index=100&pp=iAQB,270K views,5 years ago,https://i.ytimg.com/vi/cj8dDTHGJBY/hqdefault.jpg?sqp=-oaymwEbCKgBEF5IVfKriqkDDggBFQAAiEIYAXABwAEG&rs=AOn4CLCuE6w2jPO33JC4DHb-hoDbQN-sAQ,"In Japanese X-rays are still often called ""rentogen"" レントゲン which comes from Röntgen. I think other languages use röntgen more commonly as well.

I have a funny story about this. When my parents were visiting me in Japan from America, I took them to meet with a dear friend of mine, an old Grandmother who owns a toy store. My parents don't speak Japanese, and my friend doesn't speak English, so I would translate back and forth. At one point, my parents wanted to ask about what her son does. I translated and she answered, but I didn't quite understand at first because I wasn't familiar with the word ""rentogen."" However, my Dad recognized the word as ""röntgen,"" not because he studied physics, but because he had visited Würzburg University, where  Röntgen worked when he discovered X-rays. This bit of insight from my Dad helped us to understand that my friend's son is a radiologist."
Marie Curie and Spooky Rays: Crash Course History of Science #31,https://www.youtube.com/watch?v=ylOpide9dus&list=PL8dPuuaLjXtOVe7Q88hA-IJ1l6BkzxxDC&index=100&pp=iAQB,270K views,5 years ago,https://i.ytimg.com/vi/cj8dDTHGJBY/hqdefault.jpg?sqp=-oaymwEbCKgBEF5IVfKriqkDDggBFQAAiEIYAXABwAEG&rs=AOn4CLCuE6w2jPO33JC4DHb-hoDbQN-sAQ,In Dutch we still call them Röntgen rays.
Marie Curie and Spooky Rays: Crash Course History of Science #31,https://www.youtube.com/watch?v=ylOpide9dus&list=PL8dPuuaLjXtOVe7Q88hA-IJ1l6BkzxxDC&index=100&pp=iAQB,270K views,5 years ago,https://i.ytimg.com/vi/cj8dDTHGJBY/hqdefault.jpg?sqp=-oaymwEbCKgBEF5IVfKriqkDDggBFQAAiEIYAXABwAEG&rs=AOn4CLCuE6w2jPO33JC4DHb-hoDbQN-sAQ,"I loved the video but as a disclaimer from a trained radiation worker: you stated that madam curie worked in a shed with no ventilation. The amount of ventilation you have on a substance that is decaying radioactive particles has no difference in the amount of radiation exposure that you receive. What really matters is the amount of shielding that you have between yourself and the source! Every material has what is called a tenth thickness. That is the amount of material it takes to reduce the amount of radiation you receive to a tenth of what you would receive as if you were right next to it. Had she been working behind lead, or water that would of made a difference. But unfortunately such things were Unknown at the time There are a few more things that go into the calculation of radiation exposure but I don’t want to bore everybody. Everything we know about radiation exposure can now be quantified today because of the work of madam curie and Wilhelm Roentgen. Thanks everybody!"
Marie Curie and Spooky Rays: Crash Course History of Science #31,https://www.youtube.com/watch?v=ylOpide9dus&list=PL8dPuuaLjXtOVe7Q88hA-IJ1l6BkzxxDC&index=100&pp=iAQB,270K views,5 years ago,https://i.ytimg.com/vi/cj8dDTHGJBY/hqdefault.jpg?sqp=-oaymwEbCKgBEF5IVfKriqkDDggBFQAAiEIYAXABwAEG&rs=AOn4CLCuE6w2jPO33JC4DHb-hoDbQN-sAQ,"Yes, finally we get to Marie Skłodowska Curie! I'll be honest, she's probably my biggest scientific role model and the fact that she and Copernicus are both from my country is a point of patriotic pride for me."
Marie Curie and Spooky Rays: Crash Course History of Science #31,https://www.youtube.com/watch?v=ylOpide9dus&list=PL8dPuuaLjXtOVe7Q88hA-IJ1l6BkzxxDC&index=100&pp=iAQB,270K views,5 years ago,https://i.ytimg.com/vi/cj8dDTHGJBY/hqdefault.jpg?sqp=-oaymwEbCKgBEF5IVfKriqkDDggBFQAAiEIYAXABwAEG&rs=AOn4CLCuE6w2jPO33JC4DHb-hoDbQN-sAQ,"Fun Fact about Mr Röntgen: x-rays are still known as ""Röntgenstrahlung"" in Germany and to x-ray someone is ""jemanden zu röntgen""."
Marie Curie and Spooky Rays: Crash Course History of Science #31,https://www.youtube.com/watch?v=ylOpide9dus&list=PL8dPuuaLjXtOVe7Q88hA-IJ1l6BkzxxDC&index=100&pp=iAQB,270K views,5 years ago,https://i.ytimg.com/vi/cj8dDTHGJBY/hqdefault.jpg?sqp=-oaymwEbCKgBEF5IVfKriqkDDggBFQAAiEIYAXABwAEG&rs=AOn4CLCuE6w2jPO33JC4DHb-hoDbQN-sAQ,In many languages x-rays are still called rentgen rays.
Marie Curie and Spooky Rays: Crash Course History of Science #31,https://www.youtube.com/watch?v=ylOpide9dus&list=PL8dPuuaLjXtOVe7Q88hA-IJ1l6BkzxxDC&index=100&pp=iAQB,270K views,5 years ago,https://i.ytimg.com/vi/cj8dDTHGJBY/hqdefault.jpg?sqp=-oaymwEbCKgBEF5IVfKriqkDDggBFQAAiEIYAXABwAEG&rs=AOn4CLCuE6w2jPO33JC4DHb-hoDbQN-sAQ,In Poland we say we are having a rentgen meaning having an x-ray
Marie Curie and Spooky Rays: Crash Course History of Science #31,https://www.youtube.com/watch?v=ylOpide9dus&list=PL8dPuuaLjXtOVe7Q88hA-IJ1l6BkzxxDC&index=100&pp=iAQB,270K views,5 years ago,https://i.ytimg.com/vi/cj8dDTHGJBY/hqdefault.jpg?sqp=-oaymwEbCKgBEF5IVfKriqkDDggBFQAAiEIYAXABwAEG&rs=AOn4CLCuE6w2jPO33JC4DHb-hoDbQN-sAQ,"""and yet ma dude's cardboard glowed.."" "
Marie Curie and Spooky Rays: Crash Course History of Science #31,https://www.youtube.com/watch?v=ylOpide9dus&list=PL8dPuuaLjXtOVe7Q88hA-IJ1l6BkzxxDC&index=100&pp=iAQB,270K views,5 years ago,https://i.ytimg.com/vi/cj8dDTHGJBY/hqdefault.jpg?sqp=-oaymwEbCKgBEF5IVfKriqkDDggBFQAAiEIYAXABwAEG&rs=AOn4CLCuE6w2jPO33JC4DHb-hoDbQN-sAQ,"9:09 you have 'neurons' written on the board instead of 'neutrons'. Small mistake aside, good video. :)"
Marie Curie and Spooky Rays: Crash Course History of Science #31,https://www.youtube.com/watch?v=ylOpide9dus&list=PL8dPuuaLjXtOVe7Q88hA-IJ1l6BkzxxDC&index=100&pp=iAQB,270K views,5 years ago,https://i.ytimg.com/vi/cj8dDTHGJBY/hqdefault.jpg?sqp=-oaymwEbCKgBEF5IVfKriqkDDggBFQAAiEIYAXABwAEG&rs=AOn4CLCuE6w2jPO33JC4DHb-hoDbQN-sAQ,That's one smart family.
Marie Curie and Spooky Rays: Crash Course History of Science #31,https://www.youtube.com/watch?v=ylOpide9dus&list=PL8dPuuaLjXtOVe7Q88hA-IJ1l6BkzxxDC&index=100&pp=iAQB,270K views,5 years ago,https://i.ytimg.com/vi/cj8dDTHGJBY/hqdefault.jpg?sqp=-oaymwEbCKgBEF5IVfKriqkDDggBFQAAiEIYAXABwAEG&rs=AOn4CLCuE6w2jPO33JC4DHb-hoDbQN-sAQ,"I don’t speak polish but I have friends who do and I’m pretty sure “Ł” is pronounced as a “w” sound in english, and the [W] character makes the “v” sound like in German"
Marie Curie and Spooky Rays: Crash Course History of Science #31,https://www.youtube.com/watch?v=ylOpide9dus&list=PL8dPuuaLjXtOVe7Q88hA-IJ1l6BkzxxDC&index=100&pp=iAQB,270K views,5 years ago,https://i.ytimg.com/vi/cj8dDTHGJBY/hqdefault.jpg?sqp=-oaymwEbCKgBEF5IVfKriqkDDggBFQAAiEIYAXABwAEG&rs=AOn4CLCuE6w2jPO33JC4DHb-hoDbQN-sAQ,I didn’t know how quickly I needed to click on this. Marie Curie is my science hero. I once did an essay on here when I was 9 years. And since that moment I am a fan
Marie Curie and Spooky Rays: Crash Course History of Science #31,https://www.youtube.com/watch?v=ylOpide9dus&list=PL8dPuuaLjXtOVe7Q88hA-IJ1l6BkzxxDC&index=100&pp=iAQB,270K views,5 years ago,https://i.ytimg.com/vi/cj8dDTHGJBY/hqdefault.jpg?sqp=-oaymwEbCKgBEF5IVfKriqkDDggBFQAAiEIYAXABwAEG&rs=AOn4CLCuE6w2jPO33JC4DHb-hoDbQN-sAQ,"""..what he called 'spooky rays'""
Me: hehehe
""...Just kidding.""
That's cold, Hank."
Marie Curie and Spooky Rays: Crash Course History of Science #31,https://www.youtube.com/watch?v=ylOpide9dus&list=PL8dPuuaLjXtOVe7Q88hA-IJ1l6BkzxxDC&index=100&pp=iAQB,270K views,5 years ago,https://i.ytimg.com/vi/cj8dDTHGJBY/hqdefault.jpg?sqp=-oaymwEbCKgBEF5IVfKriqkDDggBFQAAiEIYAXABwAEG&rs=AOn4CLCuE6w2jPO33JC4DHb-hoDbQN-sAQ,"Fun fact on Röntgen: He wanted to call them X-Rays in Germany too. But the Kaiser was so hyped about it, that he named it Röntgen-Rays instead and that's what they are still called in Germany to this day. Röntgen even became the verb we use for it."
Marie Curie and Spooky Rays: Crash Course History of Science #31,https://www.youtube.com/watch?v=ylOpide9dus&list=PL8dPuuaLjXtOVe7Q88hA-IJ1l6BkzxxDC&index=100&pp=iAQB,270K views,5 years ago,https://i.ytimg.com/vi/cj8dDTHGJBY/hqdefault.jpg?sqp=-oaymwEbCKgBEF5IVfKriqkDDggBFQAAiEIYAXABwAEG&rs=AOn4CLCuE6w2jPO33JC4DHb-hoDbQN-sAQ,The life and achievements of Marie Sklodowska and their supportive relatioship with her husband Piere Curie serves me as a tremendous inspiration.
Einstein's Revolution: Crash Course History of Science #32,https://www.youtube.com/watch?v=ylOpide9dus&list=PL8dPuuaLjXtOVe7Q88hA-IJ1l6BkzxxDC&index=100&pp=iAQB,327K views,5 years ago,https://i.ytimg.com/vi/cj8dDTHGJBY/hqdefault.jpg?sqp=-oaymwEbCKgBEF5IVfKriqkDDggBFQAAiEIYAXABwAEG&rs=AOn4CLCuE6w2jPO33JC4DHb-hoDbQN-sAQ,"Sorry to be nitpicky, but Einstein didn't study at the university of Zurich. He studied at the federal polytechnic school of Zurich, which is today known as ETH Zurich. The university of Zurich is a separate university. But they are next to each other... So close but not quite"
Einstein's Revolution: Crash Course History of Science #32,https://www.youtube.com/watch?v=ylOpide9dus&list=PL8dPuuaLjXtOVe7Q88hA-IJ1l6BkzxxDC&index=100&pp=iAQB,327K views,5 years ago,https://i.ytimg.com/vi/cj8dDTHGJBY/hqdefault.jpg?sqp=-oaymwEbCKgBEF5IVfKriqkDDggBFQAAiEIYAXABwAEG&rs=AOn4CLCuE6w2jPO33JC4DHb-hoDbQN-sAQ,"""There where physics before Einstein, in the same way that there was biology before Darwin.""

Pure poetry."
Einstein's Revolution: Crash Course History of Science #32,https://www.youtube.com/watch?v=ylOpide9dus&list=PL8dPuuaLjXtOVe7Q88hA-IJ1l6BkzxxDC&index=100&pp=iAQB,327K views,5 years ago,https://i.ytimg.com/vi/cj8dDTHGJBY/hqdefault.jpg?sqp=-oaymwEbCKgBEF5IVfKriqkDDggBFQAAiEIYAXABwAEG&rs=AOn4CLCuE6w2jPO33JC4DHb-hoDbQN-sAQ,"Einstein wasn't against quantum mechanics. His paper on the photoelectric effect is often called the first paper written on quantum mechanics. He just thought people were looking at it the wrong way. Unfortunately, he never figured out the ""right"" way, but his work on that came up with quantum tunneling."
Einstein's Revolution: Crash Course History of Science #32,https://www.youtube.com/watch?v=ylOpide9dus&list=PL8dPuuaLjXtOVe7Q88hA-IJ1l6BkzxxDC&index=100&pp=iAQB,327K views,5 years ago,https://i.ytimg.com/vi/cj8dDTHGJBY/hqdefault.jpg?sqp=-oaymwEbCKgBEF5IVfKriqkDDggBFQAAiEIYAXABwAEG&rs=AOn4CLCuE6w2jPO33JC4DHb-hoDbQN-sAQ,"6:30 So that means you're doing a History of Science, Season 2 eventually, right?"
Einstein's Revolution: Crash Course History of Science #32,https://www.youtube.com/watch?v=ylOpide9dus&list=PL8dPuuaLjXtOVe7Q88hA-IJ1l6BkzxxDC&index=100&pp=iAQB,327K views,5 years ago,https://i.ytimg.com/vi/cj8dDTHGJBY/hqdefault.jpg?sqp=-oaymwEbCKgBEF5IVfKriqkDDggBFQAAiEIYAXABwAEG&rs=AOn4CLCuE6w2jPO33JC4DHb-hoDbQN-sAQ,"Wait, you're not going to cover the gold foil experiment? That's even more fun than the double-slit experiment."
Einstein's Revolution: Crash Course History of Science #32,https://www.youtube.com/watch?v=ylOpide9dus&list=PL8dPuuaLjXtOVe7Q88hA-IJ1l6BkzxxDC&index=100&pp=iAQB,327K views,5 years ago,https://i.ytimg.com/vi/cj8dDTHGJBY/hqdefault.jpg?sqp=-oaymwEbCKgBEF5IVfKriqkDDggBFQAAiEIYAXABwAEG&rs=AOn4CLCuE6w2jPO33JC4DHb-hoDbQN-sAQ,"What a great way to start off the year. Thanks Hank, complexly, and everyone."
Einstein's Revolution: Crash Course History of Science #32,https://www.youtube.com/watch?v=ylOpide9dus&list=PL8dPuuaLjXtOVe7Q88hA-IJ1l6BkzxxDC&index=100&pp=iAQB,327K views,5 years ago,https://i.ytimg.com/vi/cj8dDTHGJBY/hqdefault.jpg?sqp=-oaymwEbCKgBEF5IVfKriqkDDggBFQAAiEIYAXABwAEG&rs=AOn4CLCuE6w2jPO33JC4DHb-hoDbQN-sAQ,5:27 Nice Interstellar reference. 
Einstein's Revolution: Crash Course History of Science #32,https://www.youtube.com/watch?v=ylOpide9dus&list=PL8dPuuaLjXtOVe7Q88hA-IJ1l6BkzxxDC&index=100&pp=iAQB,327K views,5 years ago,https://i.ytimg.com/vi/cj8dDTHGJBY/hqdefault.jpg?sqp=-oaymwEbCKgBEF5IVfKriqkDDggBFQAAiEIYAXABwAEG&rs=AOn4CLCuE6w2jPO33JC4DHb-hoDbQN-sAQ,"Newton was the Man who explained how Gravity makes things fall
And Einstein the Man who explained how it didn't!
Absolute Genius."
Einstein's Revolution: Crash Course History of Science #32,https://www.youtube.com/watch?v=ylOpide9dus&list=PL8dPuuaLjXtOVe7Q88hA-IJ1l6BkzxxDC&index=100&pp=iAQB,327K views,5 years ago,https://i.ytimg.com/vi/cj8dDTHGJBY/hqdefault.jpg?sqp=-oaymwEbCKgBEF5IVfKriqkDDggBFQAAiEIYAXABwAEG&rs=AOn4CLCuE6w2jPO33JC4DHb-hoDbQN-sAQ,"IIRC Max Planck actually didn't predict quantum particles. Quantization was just a mathematical ""trick"" he used to derive the correct equations, but he didn't think it had any physical meaning."
Einstein's Revolution: Crash Course History of Science #32,https://www.youtube.com/watch?v=ylOpide9dus&list=PL8dPuuaLjXtOVe7Q88hA-IJ1l6BkzxxDC&index=100&pp=iAQB,327K views,5 years ago,https://i.ytimg.com/vi/cj8dDTHGJBY/hqdefault.jpg?sqp=-oaymwEbCKgBEF5IVfKriqkDDggBFQAAiEIYAXABwAEG&rs=AOn4CLCuE6w2jPO33JC4DHb-hoDbQN-sAQ,"I watched all of this course in like two days, its so interesting! Thank u and i can’t wait to see more xoxo"
Einstein's Revolution: Crash Course History of Science #32,https://www.youtube.com/watch?v=ylOpide9dus&list=PL8dPuuaLjXtOVe7Q88hA-IJ1l6BkzxxDC&index=100&pp=iAQB,327K views,5 years ago,https://i.ytimg.com/vi/cj8dDTHGJBY/hqdefault.jpg?sqp=-oaymwEbCKgBEF5IVfKriqkDDggBFQAAiEIYAXABwAEG&rs=AOn4CLCuE6w2jPO33JC4DHb-hoDbQN-sAQ,"I'm a simple man. I see Einstein, I press like "
Einstein's Revolution: Crash Course History of Science #32,https://www.youtube.com/watch?v=ylOpide9dus&list=PL8dPuuaLjXtOVe7Q88hA-IJ1l6BkzxxDC&index=100&pp=iAQB,327K views,5 years ago,https://i.ytimg.com/vi/cj8dDTHGJBY/hqdefault.jpg?sqp=-oaymwEbCKgBEF5IVfKriqkDDggBFQAAiEIYAXABwAEG&rs=AOn4CLCuE6w2jPO33JC4DHb-hoDbQN-sAQ,2:50 I think it's wavelenghts BELOW a certain threshold. uv light produces electrons while infrared doesnt.
Einstein's Revolution: Crash Course History of Science #32,https://www.youtube.com/watch?v=ylOpide9dus&list=PL8dPuuaLjXtOVe7Q88hA-IJ1l6BkzxxDC&index=100&pp=iAQB,327K views,5 years ago,https://i.ytimg.com/vi/cj8dDTHGJBY/hqdefault.jpg?sqp=-oaymwEbCKgBEF5IVfKriqkDDggBFQAAiEIYAXABwAEG&rs=AOn4CLCuE6w2jPO33JC4DHb-hoDbQN-sAQ,"Sad face :( at 5:01. Special Relativity doesn't prove ""nothing can move faster than light"" and it doesn't retroactively explain the null results of the Michelson-Morley experiments. This is backwards, yet unfortunately what is often promulgated in popular explanations. The null results of the M-M experiments in conjunction with, I believe, the Maxwell equations suggest that the speed of light could be constant. Then,  that it  - effctively a priori - which is what Einstein did - one can deduce (i.e. prove via propositional logic and algebra) the  of that assumption: special relativistic time dilation and length contraction - physical and temporal effects which later empirical experiments have since supported being the case. But dangitall, supposing first that the speed of light is constant is what proves relativity; relativity doesn't prove the speed of light is constant (and that nothing can go faster than it)!"
Einstein's Revolution: Crash Course History of Science #32,https://www.youtube.com/watch?v=ylOpide9dus&list=PL8dPuuaLjXtOVe7Q88hA-IJ1l6BkzxxDC&index=100&pp=iAQB,327K views,5 years ago,https://i.ytimg.com/vi/cj8dDTHGJBY/hqdefault.jpg?sqp=-oaymwEbCKgBEF5IVfKriqkDDggBFQAAiEIYAXABwAEG&rs=AOn4CLCuE6w2jPO33JC4DHb-hoDbQN-sAQ,Hello there
Einstein's Revolution: Crash Course History of Science #32,https://www.youtube.com/watch?v=ylOpide9dus&list=PL8dPuuaLjXtOVe7Q88hA-IJ1l6BkzxxDC&index=100&pp=iAQB,327K views,5 years ago,https://i.ytimg.com/vi/cj8dDTHGJBY/hqdefault.jpg?sqp=-oaymwEbCKgBEF5IVfKriqkDDggBFQAAiEIYAXABwAEG&rs=AOn4CLCuE6w2jPO33JC4DHb-hoDbQN-sAQ,Wonderful! You inspire me to learn more.
Einstein's Revolution: Crash Course History of Science #32,https://www.youtube.com/watch?v=ylOpide9dus&list=PL8dPuuaLjXtOVe7Q88hA-IJ1l6BkzxxDC&index=100&pp=iAQB,327K views,5 years ago,https://i.ytimg.com/vi/cj8dDTHGJBY/hqdefault.jpg?sqp=-oaymwEbCKgBEF5IVfKriqkDDggBFQAAiEIYAXABwAEG&rs=AOn4CLCuE6w2jPO33JC4DHb-hoDbQN-sAQ,"I love your videos, keep up the good work!"
Einstein's Revolution: Crash Course History of Science #32,https://www.youtube.com/watch?v=ylOpide9dus&list=PL8dPuuaLjXtOVe7Q88hA-IJ1l6BkzxxDC&index=100&pp=iAQB,327K views,5 years ago,https://i.ytimg.com/vi/cj8dDTHGJBY/hqdefault.jpg?sqp=-oaymwEbCKgBEF5IVfKriqkDDggBFQAAiEIYAXABwAEG&rs=AOn4CLCuE6w2jPO33JC4DHb-hoDbQN-sAQ,"been binge watching the videos 
They finished :'( .
 I was like WTF! 
Then saw the time stamp. 
Oh last video just 2 weeks ago.
Now waiting for the new videos.

Great work keep it up!"
Einstein's Revolution: Crash Course History of Science #32,https://www.youtube.com/watch?v=ylOpide9dus&list=PL8dPuuaLjXtOVe7Q88hA-IJ1l6BkzxxDC&index=100&pp=iAQB,327K views,5 years ago,https://i.ytimg.com/vi/cj8dDTHGJBY/hqdefault.jpg?sqp=-oaymwEbCKgBEF5IVfKriqkDDggBFQAAiEIYAXABwAEG&rs=AOn4CLCuE6w2jPO33JC4DHb-hoDbQN-sAQ,"I love you videos so much! I’ve been watching them for a very long time. You inspired me to create a science channel actually. 
 but i am just starting, creating some compilations, its poor sofar. Hopefully one day i will have at least a fraction of an impact on effort to get educated as you do. Please, keep it up!"
Einstein's Revolution: Crash Course History of Science #32,https://www.youtube.com/watch?v=ylOpide9dus&list=PL8dPuuaLjXtOVe7Q88hA-IJ1l6BkzxxDC&index=100&pp=iAQB,327K views,5 years ago,https://i.ytimg.com/vi/cj8dDTHGJBY/hqdefault.jpg?sqp=-oaymwEbCKgBEF5IVfKriqkDDggBFQAAiEIYAXABwAEG&rs=AOn4CLCuE6w2jPO33JC4DHb-hoDbQN-sAQ,Sir thanks for this fantastic lecture 
Einstein's Revolution: Crash Course History of Science #32,https://www.youtube.com/watch?v=ylOpide9dus&list=PL8dPuuaLjXtOVe7Q88hA-IJ1l6BkzxxDC&index=100&pp=iAQB,327K views,5 years ago,https://i.ytimg.com/vi/cj8dDTHGJBY/hqdefault.jpg?sqp=-oaymwEbCKgBEF5IVfKriqkDDggBFQAAiEIYAXABwAEG&rs=AOn4CLCuE6w2jPO33JC4DHb-hoDbQN-sAQ,"Hank: god didn't just make, I don't know, a howling void.


Me: Yes he did. it's called the internet"
